nome,período,valor
GO,1989,1389
RO,1989,329
RO,1989,329
AC,1989,52
AM,1989,290
RR,1989,49
PA,1989,621
AP,1989,40
TO,1989,108
MA,1989,443
PI,1989,309
CE,1989,621
RN,1989,352
PB,1989,390
PE,1989,1320
AL,1989,536
SE,1989,186
BA,1989,1197
MG,1989,2417
ES,1989,662
RJ,1989,3305
SP,1989,7828
PR,1989,2336
SC,1989,1532
RS,1989,1682
MS,1989,502
MT,1989,313
DF,1989,614
AC,1989,52
AM,1989,290
RR,1989,49
PA,1989,621
AP,1989,40
TO,1989,108
MA,1989,443
PI,1989,309
CE,1989,621
RN,1989,352
PB,1989,390
PE,1989,1320
AL,1989,536
SE,1989,186
BA,1989,1197
MG,1989,2417
ES,1989,662
RJ,1989,3305
SP,1989,7828
PR,1989,2336
SC,1989,1532
RS,1989,1682
MS,1989,502
MT,1989,313
GO,1989,1389
DF,1989,614
RO,1990,318
AC,1990,46
AM,1990,275
RR,1990,56
PA,1990,681
AP,1990,64
TO,1990,38
MA,1990,423
PI,1990,181
CE,1990,702
RN,1990,332
PB,1990,400
PE,1990,1342
AL,1990,750
SE,1990,207
BA,1990,733
MG,1990,2279
ES,1990,677
RJ,1990,3847
SP,1990,7886
PR,1990,2356
SC,1990,1444
RS,1990,1715
MS,1990,475
MT,1990,282
GO,1990,966
DF,1990,614
RO,1990,318
AC,1990,46
AM,1990,275
RR,1990,56
PA,1990,681
AP,1990,64
TO,1990,38
MA,1990,423
PI,1990,181
CE,1990,702
RN,1990,332
PB,1990,400
PE,1990,1342
AL,1990,750
SE,1990,207
BA,1990,733
MG,1990,2279
ES,1990,677
RJ,1990,3847
SP,1990,7886
PR,1990,2356
SC,1990,1444
RS,1990,1715
MS,1990,475
MT,1990,282
GO,1990,966
DF,1990,614
DF,1991,603
RO,1991,235
AC,1991,58
AM,1991,261
RR,1991,53
PA,1991,642
AP,1991,82
TO,1991,95
MA,1991,454
PI,1991,200
CE,1991,738
RN,1991,466
PB,1991,456
PE,1991,1316
AL,1991,548
SE,1991,324
BA,1991,666
MG,1991,2307
ES,1991,752
RJ,1991,2829
SP,1991,7958
PR,1991,2367
SC,1991,1360
RS,1991,1730
MS,1991,468
MT,1991,264
GO,1991,1223
DF,1991,603
RO,1991,235
AC,1991,58
AM,1991,261
RR,1991,53
PA,1991,642
AP,1991,82
TO,1991,95
MA,1991,454
PI,1991,200
CE,1991,738
RN,1991,466
PB,1991,456
PE,1991,1316
AL,1991,548
SE,1991,324
BA,1991,666
MG,1991,2307
ES,1991,752
RJ,1991,2829
SP,1991,7958
PR,1991,2367
SC,1991,1360
RS,1991,1730
MS,1991,468
MT,1991,264
GO,1991,1223
RO,1992,255
AC,1992,76
AM,1992,271
RR,1992,77
PA,1992,614
AP,1992,63
TO,1992,108
MA,1992,526
PI,1992,259
CE,1992,728
RN,1992,382
PB,1992,402
PE,1992,1203
AL,1992,573
SE,1992,465
BA,1992,709
MG,1992,2310
ES,1992,643
RJ,1992,1982
SP,1992,7378
PR,1992,2521
SC,1992,1430
RS,1992,1647
MS,1992,466
MT,1992,301
GO,1992,1198
DF,1992,625
RO,1992,255
DF,1992,625
GO,1992,1198
MT,1992,301
MS,1992,466
RS,1992,1647
SC,1992,1430
PR,1992,2521
SP,1992,7378
RJ,1992,1982
ES,1992,643
MG,1992,2310
BA,1992,709
SE,1992,465
AL,1992,573
PE,1992,1203
PB,1992,402
RN,1992,382
CE,1992,728
PI,1992,259
MA,1992,526
TO,1992,108
AP,1992,63
PA,1992,614
RR,1992,77
AM,1992,271
AC,1992,76
PR,1993,2574
RO,1993,276
AC,1993,65
AM,1993,249
RR,1993,70
PA,1993,530
AP,1993,81
TO,1993,136
MA,1993,456
PI,1993,252
CE,1993,798
RN,1993,431
PB,1993,436
PE,1993,1250
AL,1993,520
SE,1993,322
BA,1993,744
MG,1993,2621
ES,1993,709
RJ,1993,1931
SP,1993,7462
PR,1993,2574
SC,1993,1573
RS,1993,1725
MS,1993,538
MT,1993,355
GO,1993,1121
DF,1993,627
DF,1993,627
GO,1993,1121
MT,1993,355
MS,1993,538
RS,1993,1725
SC,1993,1573
SP,1993,7462
RJ,1993,1931
ES,1993,709
MG,1993,2621
BA,1993,744
SE,1993,322
AL,1993,520
PE,1993,1250
PB,1993,436
RN,1993,431
CE,1993,798
PI,1993,252
MA,1993,456
TO,1993,136
AP,1993,81
PA,1993,530
RR,1993,70
AM,1993,249
AC,1993,65
RO,1993,276
RO,1994,244
GO,1994,1297
MT,1994,300
MS,1994,550
RS,1994,1950
SC,1994,1643
PR,1994,2935
SP,1994,7491
RJ,1994,2258
ES,1994,770
MG,1994,2781
BA,1994,907
SE,1994,362
AL,1994,562
PE,1994,1374
PB,1994,433
RN,1994,401
CE,1994,814
PI,1994,270
MA,1994,359
TO,1994,103
AP,1994,85
PA,1994,490
RR,1994,87
AM,1994,324
AC,1994,80
DF,1994,659
RO,1994,244
DF,1994,659
GO,1994,1297
MT,1994,300
MS,1994,550
RS,1994,1950
SC,1994,1643
PR,1994,2935
SP,1994,7491
RJ,1994,2258
ES,1994,770
MG,1994,2781
BA,1994,907
SE,1994,362
AL,1994,562
PE,1994,1374
PB,1994,433
RN,1994,401
CE,1994,814
PI,1994,270
MA,1994,359
TO,1994,103
AP,1994,85
PA,1994,490
RR,1994,87
AM,1994,324
AC,1994,80
DF,1995,747
GO,1995,1284
MT,1995,539
MS,1995,538
RS,1995,2060
SC,1995,1787
PR,1995,2854
SP,1995,8431
RJ,1995,3677
ES,1995,790
MG,1995,3180
BA,1995,922
SE,1995,333
AL,1995,575
PE,1995,1408
PB,1995,523
RN,1995,362
CE,1995,994
PI,1995,246
MA,1995,383
TO,1995,106
AP,1995,76
PA,1995,518
RR,1995,90
AM,1995,377
AC,1995,73
RO,1995,282
RO,1995,282
AC,1995,73
AM,1995,377
RR,1995,90
PA,1995,518
AP,1995,76
TO,1995,106
MA,1995,383
PI,1995,246
CE,1995,994
RN,1995,362
PB,1995,523
PE,1995,1408
AL,1995,575
SE,1995,333
BA,1995,922
MG,1995,3180
ES,1995,790
RJ,1995,3677
SP,1995,8431
PR,1995,2854
SC,1995,1787
RS,1995,2060
MS,1995,538
MT,1995,539
GO,1995,1284
DF,1995,747
PR,1996,3169
RO,1996,297
AC,1996,68
AM,1996,326
RR,1996,98
PA,1996,623
AP,1996,88
TO,1996,116
MA,1996,467
PI,1996,233
CE,1996,1130
RN,1996,380
PB,1996,163
PE,1996,1615
AL,1996,587
SE,1996,324
BA,1996,1179
MG,1996,3457
ES,1996,829
RJ,1996,3795
SP,1996,9232
PR,1996,3169
SC,1996,2000
RS,1996,2241
MS,1996,606
MT,1996,655
GO,1996,1187
DF,1996,680
RO,1996,297
AC,1996,68
AM,1996,326
RR,1996,98
PA,1996,623
AP,1996,88
TO,1996,116
MA,1996,467
PI,1996,233
CE,1996,1130
RN,1996,380
PB,1996,163
PE,1996,1615
AL,1996,587
SE,1996,324
BA,1996,1179
MG,1996,3457
ES,1996,829
RJ,1996,3795
SP,1996,9232
SC,1996,2000
RS,1996,2241
MS,1996,606
MT,1996,655
GO,1996,1187
DF,1996,680
GO,1997,1364
AC,1997,84
AM,1997,345
RR,1997,116
PA,1997,758
AP,1997,91
TO,1997,166
MA,1997,464
PI,1997,226
CE,1997,1210
RN,1997,381
PB,1997,312
PE,1997,1628
AL,1997,678
SE,1997,231
BA,1997,1325
MG,1997,3389
ES,1997,774
RJ,1997,3569
SP,1997,9373
PR,1997,3059
SC,1997,1904
RS,1997,2296
MS,1997,568
MT,1997,591
GO,1997,1364
DF,1997,569
RO,1997,285
AC,1997,84
AM,1997,345
RR,1997,116
PA,1997,758
AP,1997,91
TO,1997,166
MA,1997,464
PI,1997,226
CE,1997,1210
RN,1997,381
PB,1997,312
PE,1997,1628
AL,1997,678
SE,1997,231
BA,1997,1325
MG,1997,3389
ES,1997,774
RJ,1997,3569
SP,1997,9373
RO,1997,285
PR,1997,3059
SC,1997,1904
RS,1997,2296
MS,1997,568
MT,1997,591
DF,1997,569
RO,1998,325
RO,1998,325
AC,1998,78
AM,1998,313
RR,1998,127
PA,1998,793
AP,1998,89
TO,1998,204
MA,1998,439
PI,1998,284
CE,1998,1061
RN,1998,473
PB,1998,428
PE,1998,1561
AL,1998,648
SE,1998,188
BA,1998,1032
MG,1998,2990
ES,1998,819
RJ,1998,2919
SP,1998,7567
PR,1998,2695
SC,1998,1428
RS,1998,1867
MS,1998,383
MT,1998,588
GO,1998,1216
DF,1998,511
AC,1998,78
DF,1998,511
GO,1998,1216
MT,1998,588
MS,1998,383
RS,1998,1867
SC,1998,1428
PR,1998,2695
SP,1998,7567
RJ,1998,2919
ES,1998,819
MG,1998,2990
BA,1998,1032
SE,1998,188
AL,1998,648
PE,1998,1561
PB,1998,428
RN,1998,473
CE,1998,1061
PI,1998,284
MA,1998,439
TO,1998,204
AP,1998,89
PA,1998,793
RR,1998,127
AM,1998,313
DF,1999,528
RO,1999,320
AC,1999,71
AM,1999,286
RR,1999,148
PA,1999,576
AP,1999,79
TO,1999,216
MA,1999,416
PI,1999,273
CE,1999,1152
RN,1999,394
PB,1999,425
PE,1999,1477
AL,1999,586
SE,1999,303
BA,1999,1061
MG,1999,2723
ES,1999,785
RJ,1999,2406
SP,1999,7551
PR,1999,2635
SC,1999,1528
RS,1999,1871
MS,1999,440
MT,1999,620
GO,1999,1248
DF,1999,528
GO,1999,1248
MT,1999,620
MS,1999,440
RS,1999,1871
SC,1999,1528
PR,1999,2635
SP,1999,7551
RJ,1999,2406
ES,1999,785
MG,1999,2723
BA,1999,1061
SE,1999,303
AL,1999,586
PE,1999,1477
PB,1999,425
RN,1999,394
CE,1999,1152
PI,1999,273
MA,1999,416
TO,1999,216
AP,1999,79
PA,1999,576
RR,1999,148
AM,1999,286
AC,1999,71
RO,1999,320
RO,2000,328
AC,2000,92
AM,2000,347
RR,2000,134
PA,2000,707
AP,2000,99
TO,2000,296
MA,2000,484
PI,2000,400
CE,2000,1266
RN,2000,479
PB,2000,442
PE,2000,1490
AL,2000,549
SE,2000,349
BA,2000,1206
MG,2000,2531
ES,2000,826
RJ,2000,2582
SP,2000,5975
PR,2000,2568
SC,2000,1503
RS,2000,1931
MS,2000,415
MT,2000,718
GO,2000,1405
DF,2000,523
RO,2000,328
AC,2000,92
AM,2000,347
RR,2000,134
PA,2000,707
AP,2000,99
TO,2000,296
MA,2000,484
PI,2000,400
CE,2000,1266
RN,2000,479
PB,2000,442
PE,2000,1490
AL,2000,549
SE,2000,349
BA,2000,1206
MG,2000,2531
ES,2000,826
RJ,2000,2582
SP,2000,5975
PR,2000,2568
SC,2000,1503
RS,2000,1931
MS,2000,415
MT,2000,718
GO,2000,1405
DF,2000,523
RO,2001,323
AC,2001,102
AM,2001,275
RR,2001,128
PA,2001,811
AP,2001,113
TO,2001,288
MA,2001,564
PI,2001,405
CE,2001,1366
RN,2001,425
PB,2001,445
PE,2001,1353
AL,2001,553
SE,2001,347
BA,2001,1254
MG,2001,2737
ES,2001,817
RJ,2001,2719
SP,2001,6972
PR,2001,2543
SC,2001,1562
RS,2001,1864
MS,2001,503
MT,2001,713
GO,2001,1358
DF,2001,491
DF,2001,491
GO,2001,1358
MT,2001,713
MS,2001,503
RS,2001,1864
SC,2001,1562
PR,2001,2543
SP,2001,6972
RJ,2001,2719
ES,2001,817
MG,2001,2737
BA,2001,1254
SE,2001,347
AL,2001,553
PE,2001,1353
PB,2001,445
RN,2001,425
CE,2001,1366
PI,2001,405
MA,2001,564
TO,2001,288
AP,2001,113
PA,2001,811
RR,2001,128
AM,2001,275
AC,2001,102
RO,2001,323
DF,2002,522
GO,2002,1522
MT,2002,861
MS,2002,632
RS,2002,2136
SC,2002,1694
PR,2002,2667
SP,2002,6475
RJ,2002,2819
ES,2002,929
MG,2002,2913
BA,2002,1365
SE,2002,403
AL,2002,591
PE,2002,1504
PB,2002,691
RN,2002,440
CE,2002,1522
PI,2002,505
MA,2002,725
TO,2002,310
AP,2002,127
PA,2002,949
RR,2002,139
AM,2002,334
AC,2002,131
RO,2002,382
DF,2002,522
GO,2002,1522
MT,2002,861
MS,2002,632
RS,2002,2136
SC,2002,1694
PR,2002,2667
SP,2002,6475
RJ,2002,2819
ES,2002,929
MG,2002,2913
BA,2002,1365
SE,2002,403
AL,2002,591
PE,2002,1504
PB,2002,691
RN,2002,440
CE,2002,1522
PI,2002,505
MA,2002,725
TO,2002,310
AP,2002,127
PA,2002,949
RR,2002,139
AM,2002,334
AC,2002,131
RO,2002,382
DF,2003,588
GO,2003,1527
MT,2003,741
MS,2003,583
RS,2003,2092
SC,2003,1720
PR,2003,2811
SP,2003,7109
RJ,2003,2831
ES,2003,820
MG,2003,3072
BA,2003,1320
SE,2003,394
AL,2003,524
PE,2003,1439
PB,2003,529
RN,2003,422
CE,2003,1572
PI,2003,481
MA,2003,742
TO,2003,306
AP,2003,116
PA,2003,952
RR,2003,85
AM,2003,337
AC,2003,102
RO,2003,405
AC,2003,102
AM,2003,337
RR,2003,85
PA,2003,952
AP,2003,116
TO,2003,306
MA,2003,742
PI,2003,481
CE,2003,1572
RN,2003,422
PB,2003,529
PE,2003,1439
AL,2003,524
SE,2003,394
RO,2003,405
BA,2003,1320
MG,2003,3072
ES,2003,820
RJ,2003,2831
SP,2003,7109
PR,2003,2811
SC,2003,1720
RS,2003,2092
MS,2003,583
MT,2003,741
GO,2003,1527
DF,2003,588
PE,2004,1450
RO,2004,403
AC,2004,87
AM,2004,401
RR,2004,84
PA,2004,955
AP,2004,121
TO,2004,391
MA,2004,873
PI,2004,528
CE,2004,1645
RN,2004,441
PB,2004,656
AL,2004,563
SE,2004,442
BA,2004,1334
MG,2004,3438
ES,2004,868
RJ,2004,2881
SP,2004,7182
PR,2004,3147
SC,2004,1862
RS,2004,2176
MS,2004,683
MT,2004,896
GO,2004,1659
DF,2004,508
RO,2004,403
AC,2004,87
AM,2004,401
RR,2004,84
PA,2004,955
AP,2004,121
TO,2004,391
MA,2004,873
PI,2004,528
CE,2004,1645
RN,2004,441
PB,2004,656
PE,2004,1450
AL,2004,563
SE,2004,442
BA,2004,1334
MG,2004,3438
ES,2004,868
RJ,2004,2881
SP,2004,7182
PR,2004,3147
SC,2004,1862
RS,2004,2176
MS,2004,683
MT,2004,896
GO,2004,1659
DF,2004,508
DF,2005,532
AC,2005,98
AM,2005,419
RR,2005,107
PA,2005,1035
AP,2005,108
TO,2005,364
MA,2005,958
PI,2005,575
CE,2005,1764
RN,2005,467
PB,2005,680
PE,2005,1457
AL,2005,567
SE,2005,387
BA,2005,1765
MG,2005,3509
ES,2005,876
RJ,2005,2922
SP,2005,7312
PR,2005,3047
SC,2005,1949
RS,2005,2096
MS,2005,703
MT,2005,859
GO,2005,1612
RO,2005,443
DF,2005,532
GO,2005,1612
MT,2005,859
MS,2005,703
RS,2005,2096
SC,2005,1949
PR,2005,3047
SP,2005,7312
RJ,2005,2922
ES,2005,876
MG,2005,3509
BA,2005,1765
SE,2005,387
AL,2005,567
PE,2005,1457
PB,2005,680
RN,2005,467
CE,2005,1764
PI,2005,575
MA,2005,958
TO,2005,364
AP,2005,108
PA,2005,1035
RR,2005,107
AM,2005,419
AC,2005,98
RO,2005,443
DF,2006,512
GO,2006,1504
MT,2006,819
MS,2006,697
RS,2006,2034
SC,2006,1959
PR,2006,3026
SP,2006,7433
RJ,2006,3145
ES,2006,933
MG,2006,3778
BA,2006,1771
SE,2006,379
AL,2006,574
PE,2006,1502
PB,2006,709
RN,2006,488
CE,2006,1708
PI,2006,709
MA,2006,899
TO,2006,332
AP,2006,122
PA,2006,1087
RR,2006,109
AM,2006,468
AC,2006,94
RO,2006,458
RO,2006,458
GO,2006,1504
MT,2006,819
MS,2006,697
RS,2006,2034
SC,2006,1959
PR,2006,3026
SP,2006,7433
RJ,2006,3145
ES,2006,933
MG,2006,3778
BA,2006,1771
SE,2006,379
AL,2006,574
PE,2006,1502
PB,2006,709
RN,2006,488
CE,2006,1708
PI,2006,709
MA,2006,899
TO,2006,332
AP,2006,122
PA,2006,1087
RR,2006,109
AM,2006,468
AC,2006,94
DF,2006,512
DF,2007,566
DF,2007,566
GO,2007,1558
MT,2007,891
MS,2007,691
RS,2007,2075
SC,2007,1983
PR,2007,3196
SP,2007,7847
RJ,2007,2712
ES,2007,1053
MG,2007,3858
BA,2007,2001
SE,2007,426
AL,2007,660
PE,2007,1492
PB,2007,724
RN,2007,484
CE,2007,1729
PI,2007,675
MA,2007,1117
TO,2007,439
AP,2007,102
PA,2007,1109
RR,2007,140
AM,2007,393
AC,2007,102
RO,2007,396
RO,2007,396
AC,2007,102
AM,2007,393
RR,2007,140
PA,2007,1109
AP,2007,102
TO,2007,439
MA,2007,1117
PI,2007,675
CE,2007,1729
RN,2007,484
PB,2007,724
PE,2007,1492
AL,2007,660
SE,2007,426
BA,2007,2001
MG,2007,3858
ES,2007,1053
RJ,2007,2712
SP,2007,7847
PR,2007,3196
SC,2007,1983
RS,2007,2075
MS,2007,691
MT,2007,891
GO,2007,1558
AC,2008,119
AM,2008,470
RR,2008,120
PA,2008,1177
AP,2008,95
TO,2008,459
MA,2008,1233
PI,2008,767
CE,2008,1742
RN,2008,482
PB,2008,821
PE,2008,1582
AL,2008,592
SE,2008,446
BA,2008,1789
MG,2008,3945
ES,2008,1072
RJ,2008,2613
SP,2008,7950
PR,2008,3258
SC,2008,1878
RS,2008,2103
MS,2008,721
MT,2008,1022
GO,2008,1726
DF,2008,531
RO,2008,498
RO,2008,498
DF,2008,531
GO,2008,1726
MT,2008,1022
MS,2008,721
RS,2008,2103
SC,2008,1878
PR,2008,3258
SP,2008,7950
RJ,2008,2613
ES,2008,1072
MG,2008,3945
BA,2008,1789
SE,2008,446
AL,2008,592
PE,2008,1582
PB,2008,821
RN,2008,482
CE,2008,1742
PI,2008,767
MA,2008,1233
TO,2008,459
AP,2008,95
PA,2008,1177
RR,2008,120
AM,2008,470
AC,2008,119
DF,2009,524
GO,2009,1771
MT,2009,1081
MS,2009,702
RS,2009,2086
SC,2009,1870
PR,2009,3128
SP,2009,7331
RJ,2009,2388
ES,2009,956
MG,2009,3966
BA,2009,1900
SE,2009,512
AL,2009,659
PE,2009,1786
PB,2009,810
RN,2009,508
CE,2009,1613
PI,2009,810
MA,2009,1204
TO,2009,465
AP,2009,116
PA,2009,1082
RR,2009,128
AM,2009,428
AC,2009,123
RO,2009,522
DF,2009,524
GO,2009,1771
MT,2009,1081
MS,2009,702
RS,2009,2086
SC,2009,1870
PR,2009,3128
SP,2009,7331
RJ,2009,2388
ES,2009,956
MG,2009,3966
BA,2009,1900
SE,2009,512
AL,2009,659
PE,2009,1786
PB,2009,810
RN,2009,508
CE,2009,1613
PI,2009,810
MA,2009,1204
TO,2009,465
AP,2009,116
PA,2009,1082
RR,2009,128
AM,2009,428
AC,2009,123
RO,2009,522
AC,2010,137
AM,2010,510
RR,2010,148
PA,2010,1448
AP,2010,138
TO,2010,527
MA,2010,1391
PI,2010,979
CE,2010,2226
RN,2010,653
PB,2010,851
PE,2010,2008
AL,2010,784
SE,2010,616
BA,2010,2649
MG,2010,4369
ES,2010,1118
RJ,2010,2931
SP,2010,7685
PR,2010,3446
SC,2010,1889
RS,2010,2299
MS,2010,775
MT,2010,1132
GO,2010,2024
DF,2010,559
AC,2010,137
DF,2010,559
GO,2010,2024
MT,2010,1132
MS,2010,775
RS,2010,2299
SC,2010,1889
PR,2010,3446
SP,2010,7685
RJ,2010,2931
ES,2010,1118
MG,2010,4369
BA,2010,2649
SE,2010,616
AL,2010,784
PE,2010,2008
PB,2010,851
RN,2010,653
CE,2010,2226
PI,2010,979
MA,2010,1391
TO,2010,527
AP,2010,138
PA,2010,1448
RR,2010,148
AM,2010,510
RO,2010,616
RO,2010,616
GO,2011,1932
MS,2011,846
RS,2011,2163
SC,2011,2025
PR,2011,3416
SP,2011,7867
RJ,2011,2794
ES,2011,1136
MG,2011,4691
BA,2011,2741
SE,2011,570
AL,2011,832
PE,2011,2049
PB,2011,821
RN,2011,607
CE,2011,2256
PI,2011,1010
MA,2011,1551
TO,2011,528
AP,2011,152
RO,2011,604
PA,2011,1465
RR,2011,137
AM,2011,560
AC,2011,165
DF,2011,557
RO,2011,604
AC,2011,165
AM,2011,560
RR,2011,137
PA,2011,1465
AP,2011,152
TO,2011,528
MA,2011,1551
PI,2011,1010
CE,2011,2256
RN,2011,607
PB,2011,821
PE,2011,2049
AL,2011,832
SE,2011,570
BA,2011,2741
MG,2011,4691
ES,2011,1136
RJ,2011,2794
SP,2011,7867
PR,2011,3416
SC,2011,2025
RS,2011,2163
MS,2011,846
MT,2011,1078
GO,2011,1932
DF,2011,557
MT,2011,1078
TO,2012,526
AM,2012,517
RR,2012,149
PA,2012,1694
AP,2012,128
TO,2012,526
MA,2012,1790
PI,2012,1144
CE,2012,2504
RN,2012,611
PB,2012,990
PE,2012,2056
AL,2012,836
SE,2012,630
BA,2012,3006
MG,2012,4511
ES,2012,1164
RJ,2012,3064
SP,2012,7529
PR,2012,3637
SC,2012,1954
RS,2012,2152
MS,2012,810
MT,2012,1165
GO,2012,2079
DF,2012,565
RO,2012,671
AC,2012,169
AM,2012,517
RR,2012,149
PA,2012,1694
AP,2012,128
MA,2012,1790
PI,2012,1144
CE,2012,2504
RN,2012,611
PB,2012,990
PE,2012,2056
AL,2012,836
SE,2012,630
BA,2012,3006
MG,2012,4511
ES,2012,1164
RJ,2012,3064
SP,2012,7529
PR,2012,3637
SC,2012,1954
RS,2012,2152
MS,2012,810
MT,2012,1165
GO,2012,2079
DF,2012,565
RO,2012,671
AC,2012,169
AC,2013,135
AM,2013,529
RR,2013,155
PA,2013,1743
AP,2013,137
TO,2013,512
MA,2013,1660
PI,2013,1099
CE,2013,2455
RN,2013,623
PB,2013,1019
PE,2013,1883
AL,2013,778
SE,2013,662
BA,2013,2845
MG,2013,4321
ES,2013,1068
RJ,2013,2704
SP,2013,7035
PR,2013,3158
SC,2013,1721
RS,2013,2122
MS,2013,801
MT,2013,1186
GO,2013,2023
DF,2013,526
RO,2013,552
RO,2013,552
DF,2013,526
GO,2013,2023
MT,2013,1186
MS,2013,801
RS,2013,2122
SC,2013,1721
PR,2013,3158
SP,2013,7035
RJ,2013,2704
ES,2013,1068
MG,2013,4321
BA,2013,2845
SE,2013,662
AL,2013,778
PE,2013,1883
PB,2013,1019
RN,2013,623
CE,2013,2455
PI,2013,1099
MA,2013,1660
TO,2013,512
AP,2013,137
PA,2013,1743
RR,2013,155
AM,2013,529
AC,2013,135
GO,2014,2166
MT,2014,1175
MS,2014,830
RS,2014,2102
SC,2014,1882
PR,2014,3073
SP,2014,7444
RJ,2014,2918
ES,2014,992
MG,2014,4391
BA,2014,2880
SE,2014,528
AL,2014,835
PE,2014,1946
PB,2014,969
RN,2014,593
CE,2014,2654
PI,2014,1211
MA,2014,1842
TO,2014,589
AP,2014,130
PA,2014,1792
RR,2014,147
AM,2014,521
AC,2014,140
RO,2014,550
RO,2014,550
MT,2014,1175
MS,2014,830
RS,2014,2102
SC,2014,1882
PR,2014,3073
SP,2014,7444
RJ,2014,2918
ES,2014,992
MG,2014,4391
BA,2014,2880
SE,2014,528
AL,2014,835
PE,2014,1946
PB,2014,969
RN,2014,593
CE,2014,2654
PI,2014,1211
MA,2014,1842
TO,2014,589
AP,2014,130
PA,2014,1792
RR,2014,147
AM,2014,521
AC,2014,140
DF,2014,523
GO,2014,2166
DF,2014,523
PR,2015,2738
DF,2015,466
GO,2015,1890
MT,2015,1073
MS,2015,661
RS,2015,1826
SC,2015,1593
SP,2015,6270
RJ,2015,2210
ES,2015,853
MG,2015,3942
BA,2015,2403
SE,2015,565
AL,2015,734
PE,2015,1909
PB,2015,1022
RN,2015,599
CE,2015,2320
PI,2015,1131
MA,2015,1654
TO,2015,546
AP,2015,95
PA,2015,1763
RR,2015,164
AM,2015,486
AC,2015,119
RO,2015,511
RO,2015,511
AC,2015,119
AM,2015,486
RR,2015,164
PA,2015,1763
AP,2015,95
TO,2015,546
MA,2015,1654
PI,2015,1131
CE,2015,2320
RN,2015,599
PB,2015,1022
PE,2015,1909
AL,2015,734
SE,2015,565
BA,2015,2403
MG,2015,3942
ES,2015,853
RJ,2015,2210
SP,2015,6270
PR,2015,2738
SC,2015,1593
RS,2015,1826
MS,2015,661
MT,2015,1073
GO,2015,1890
DF,2015,466
DF,2016,436
DF,2016,436
GO,2016,1791
MT,2016,1061
MS,2016,638
RS,2016,1821
SC,2016,1526
PR,2016,2753
SP,2016,5846
RJ,2016,2278
ES,2016,839
MG,2016,3643
BA,2016,2490
SE,2016,475
AL,2016,730
PE,2016,1892
PB,2016,1021
RN,2016,613
CE,2016,2066
PI,2016,1055
MA,2016,1714
TO,2016,558
AP,2016,98
PA,2016,1724
RR,2016,109
AM,2016,473
AC,2016,125
RO,2016,490
RO,2016,490
AC,2016,125
AM,2016,473
RR,2016,109
PA,2016,1724
AP,2016,98
TO,2016,558
MA,2016,1714
PI,2016,1055
CE,2016,2066
RN,2016,613
PB,2016,1021
PE,2016,1892
AL,2016,730
SE,2016,475
BA,2016,2490
MG,2016,3643
ES,2016,839
RJ,2016,2278
SP,2016,5846
PR,2016,2753
SC,2016,1526
RS,2016,1821
MS,2016,638
MT,2016,1061
GO,2016,1791
GO,2017,1652
RO,2017,493
AC,2017,120
AM,2017,438
RR,2017,138
PA,2017,1609
AP,2017,96
TO,2017,577
MA,2017,1465
PI,2017,1001
CE,2017,2017
RN,2017,570
PB,2017,916
PE,2017,1704
AL,2017,627
SE,2017,415
BA,2017,2396
MG,2017,3723
ES,2017,924
RJ,2017,2153
SP,2017,5462
PR,2017,2563
SC,2017,1522
RS,2017,1893
MS,2017,590
MT,2017,1025
DF,2017,341
RO,2017,493
AC,2017,120
AM,2017,438
RR,2017,138
PA,2017,1609
AP,2017,96
TO,2017,577
MA,2017,1465
PI,2017,1001
CE,2017,2017
RN,2017,570
PB,2017,916
PE,2017,1704
AL,2017,627
SE,2017,415
BA,2017,2396
MG,2017,3723
ES,2017,924
RJ,2017,2153
SP,2017,5462
PR,2017,2563
SC,2017,1522
RS,2017,1893
MS,2017,590
MT,2017,1025
GO,2017,1652
DF,2017,341
DF,2018,356
DF,2018,356
GO,2018,1540
MT,2018,1064
MS,2018,572
RS,2018,1768
SC,2018,1397
PR,2018,2458
SP,2018,4730
RJ,2018,2085
ES,2018,779
MG,2018,3298
BA,2018,2191
SE,2018,398
AL,2018,595
PE,2018,1575
PB,2018,867
RN,2018,537
CE,2018,1923
PI,2018,966
MA,2018,1395
TO,2018,474
AP,2018,67
PA,2018,1507
RR,2018,94
AM,2018,485
AC,2018,100
RO,2018,404
MT,2018,1064
MS,2018,572
RS,2018,1768
SC,2018,1397
PR,2018,2458
SP,2018,4730
RJ,2018,2085
ES,2018,779
MG,2018,3298
BA,2018,2191
SE,2018,398
AL,2018,595
PE,2018,1575
PB,2018,867
RN,2018,537
CE,2018,1923
PI,2018,966
MA,2018,1395
TO,2018,474
AP,2018,67
PA,2018,1507
RR,2018,94
AM,2018,485
AC,2018,100
RO,2018,404
GO,2018,1540
DF,2019,339
RO,2019,400
AC,2019,121
AM,2019,472
RR,2019,122
PA,2019,1414
AP,2019,86
TO,2019,464
MA,2019,1313
PI,2019,882
CE,2019,1662
RN,2019,475
PB,2019,778
PE,2019,1492
AL,2019,616
SE,2019,400
BA,2019,2470
MG,2019,3193
ES,2019,776
RJ,2019,1562
SP,2019,5181
PR,2019,2436
SC,2019,1447
RS,2019,1692
MS,2019,627
MT,2019,979
GO,2019,1480
DF,2019,339
RO,2019,400
AC,2019,121
AM,2019,472
RR,2019,122
PA,2019,1414
AP,2019,86
TO,2019,464
MA,2019,1313
PI,2019,882
CE,2019,1662
RN,2019,475
PB,2019,778
PE,2019,1492
AL,2019,616
SE,2019,400
BA,2019,2470
MG,2019,3193
ES,2019,776
RJ,2019,1562
SP,2019,5181
PR,2019,2436
SC,2019,1447
RS,2019,1692
MS,2019,627
MT,2019,979
GO,2019,1480
RO,2020,428
DF,2020,327
GO,2020,1597
MT,2020,1116
MS,2020,620
RS,2020,1578
SC,2020,1362
PR,2020,2525
SP,2020,5326
RJ,2020,1830
ES,2020,762
MG,2020,2958
BA,2020,2413
SE,2020,417
AL,2020,675
PE,2020,1522
PB,2020,794
RN,2020,474
CE,2020,1748
PI,2020,909
MA,2020,1448
TO,2020,474
AP,2020,79
PA,2020,1631
RR,2020,133
AM,2020,458
AC,2020,112
RO,2021,474
GO,2021,1686
MT,2021,1213
MS,2021,646
RS,2021,1717
SC,2021,1441
PR,2021,2668
SP,2021,5416
RJ,2021,1936
ES,2021,799
MG,2021,3211
BA,2021,2414
SE,2021,423
AL,2021,629
PE,2021,1517
PB,2021,841
RN,2021,461
CE,2021,1902
PI,2021,902
MA,2021,1467
TO,2021,534
AP,2021,98
PA,2021,1607
RR,2021,147
AM,2021,465
AC,2021,93
DF,2021,325
AC,2022,102
AM,2022,475
RR,2022,166
PA,2022,1702
AP,2022,103
TO,2022,559
MA,2022,1408
PI,2022,872
CE,2022,1869
RN,2022,425
PB,2022,863
PE,2022,1472
AL,2022,580
SE,2022,424
BA,2022,2499
MG,2022,3150
ES,2022,828
RJ,2022,1974
SP,2022,5049
PR,2022,2736
SC,2022,1443
RS,2022,1806
MS,2022,658
MT,2022,1177
GO,2022,1716
DF,2022,337
RO,2022,499
AM,2023,495
AC,2023,107
TO,2023,586
SP,2023,4948
SE,2023,448
SC,2023,1422
RS,2023,1720
RR,2023,163
RO,2023,466
RN,2023,411
RJ,2023,1647
PR,2023,2682
PI,2023,1047
PE,2023,1974
PB,2023,841
PA,2023,1707
MT,2023,1304
MS,2023,721
MG,2023,3439
MA,2023,1453
GO,2023,1722
ES,2023,847
DF,2023,316
CE,2023,1844
BA,2023,2905
AP,2023,92
AL,2023,631