municipio,cod_ibge,gentículo,Prefeito [2025],área territorial km²,população (2022),densidade demográfica,população estimada (2024),Escolarização 6 a 14 anos - % (2010),IDH,Mortalidade infantil,Total de receitas brutas realizadas - R$ [2023],Total de despesas brutas empenhadas - R$ [2023],PIB per capita - R$ [2021]
Aceguá,4300034,aceguaense,MARCUS VINíCIUS GODOY DE AGUIAR,1551.339,4170,2.69,4253,93.9,0.687,-,57543013.61,51950521.35,91994.39
Água Santa,4300059,água-santense,JULIANO FAVRETTO,291.526,3912,13.42,4000,98.5,0.750,-,48003459.76,38818228.70,146445.07
Agudo,4300109,agudense,LUIS HENRIQUE KITTEL,534.624,16041,30.00,16346,96.5,0.694,27.03,106678562.78,100404279.40,40863.53
Ajuricaba,4300208,ajuricabense,PAULO CLAUDIO DOLOVITSCH,322.674,6720,20.83,6848,98.5,0.753,17.24,53776613.08,50769209.93,74961.71
Alecrim,4300307,alecrinense,NEUSA LEDUR KUHN,316.394,6123,19.35,6228,97.1,0.672,-,36298981.20,37054319.71,28383.93
Alegrete,4300406,alegretense,JESSE TRINDADE DOS SANTOS,7800.552,72409,9.28,74329,98.9,0.740,12.08,337040274.70,337982305.50,42485.08
Alegria,4300455,alegriense,FABIO LUCIANO SCHAKOFSKI,172.794,3651,21.13,3711,98.9,0.695,-,37963066.51,32676240.31,47648.88
Almirante Tamandaré do Sul,4300471,tamandarense,DILSE JOSEFINA KLEIN BICIGO,265.042,1969,7.43,2008,100,0.740,-,35073282.74,27827990.82,142847.94
Alpestre,4300505,alpestrense,RUDIMAR ARGENTON,325.979,7117,21.83,7243,98.1,0.671,16.95,83749721.15,66585458.00,33369.8
Alto Alegre,4300554,alto-alegrense,SILMAR DEMAMAN,115.335,1800,15.61,1837,98.1,0.747,-,32611029.17,30510909.20,66755.15
Alto Feliz,4300570,alto-felizense,ROBES SCHNEIDER,78.170,3072,39.30,3143,98.1,0.734,-,41964979.28,39055464.55,53088.35
Alvorada,4300604,alvoradense,DOUGLAS MARTELLO DE SOUZA SILVEIRA,71.702,187315,2612.48,194116,95.3,0.699,15.21,739599914.39,584866277.50,15550.82
Amaral Ferrador,4300638,amaralense,RONIVAN FONTOURA BRAGA,506.109,5310,10.49,5394,98.3,0.624,-,34795858.90,30149100.36,20688.31
Ametista do Sul,4300646,ametistense,GILMAR DA SILVA,93.605,7650,81.64,7822,100,0.682,-,54179815.36,42360620.15,24036.02
André da Rocha,4300661,andré-rochense,FELIPE EDUARDO SEMINOTI JACQUES,331.208,1135,3.43,1157,100,0.720,-,27508051.52,24572244.70,142922.95
Anta Gorda,4300703,anta-gordense,FRANCISCO DAVID FRIGHETTO,242.100,5957,24.61,6080,97.8,0.740,-,51566094.13,41097240.26,54248.7
Antônio Prado,4300802,pradense,ROBERTO JOSé DALLE MOLLE,347.541,13045,37.54,13328,98.6,0.758,-,98287906.21,88539091.54,61154.04
Arambaré,4300851,arambarense,IAGO DOS SANTOS KIELERMANN,518.193,4112,7.94,4211,97.2,0.691,-,42964673.19,35281330.87,80442.31
Araricá,4300877,arariquense,OSEAS GARCIA,35.195,8525,240.88,8794,97.3,0.679,23.26,61910048.90,55358747.02,40484.64
Aratiba,4300901,aratibense,GELSON TARCíSIO CARBONERA,342.279,6483,18.94,6618,98.8,0.772,-,108119908.60,96324730.59,154104.03
Arroio do Meio,4301008,arroio-meense,SIDNEI ECKERT,157.088,21958,139.78,22490,99.8,0.769,15.21,159008412.98,143448068.80,72750.17
Arroio do Sal,4301057,arroiossalense,LUCIANO PINTO DA SILVA,119.160,11057,92.79,11384,98.6,0.740,8,117412705.66,97802615.31,27241.9
Arroio do Padre,4301073,arroio-padrense,JULIANO HOBUSS BUCHWEITZ,124.693,2599,20.84,2651,97.3,0.669,-,29274151.41,25859484.24,25887.92
Arroio dos Ratos,4301107,ratense,DARCI RENATO FEITEN,425.791,14601,34.29,14923,97.6,0.698,7.87,79964673.77,84487260.69,25163.34
Arroio do Tigre,4301206,arroio-tigrense,VANDERLEI HERMES,315.132,12058,38.26,12296,98.2,0.707,-,64816169.46,54118092.11,31911.3
Arroio Grande,4301305,arroio-grandense,PLíNIO VIZEU PEREIRA NETO,2508.557,17558,7.00,17887,98.7,0.657,19.9,115642864.41,103919810.70,62222.04
Arvorezinha,4301404,arvorezinhense,CLOVIS PROVENSI ROMAN,269.310,10322,38.33,10545,97.2,0.694,40.4,68910573.25,60575494.27,32263.13
Augusto Pestana,4301503,augusto-pestanense,SERGIO LUIS NEUBERGER,348.219,7149,20.53,7302,99.7,0.743,11.9,53018544.89,46536831.62,77033.28
Áurea,4301552,aureense,GILMAR CARLOS MUSTEFAGA,156.727,3396,21.67,3460,99.1,0.707,-,34918859.89,32109457.27,46470.87
Bagé,4301602,bageense,LUIZ FERNANDO MAINARDI,4090.360,117938,28.83,121900,97.6,0.740,18.8,568185483.02,646282087.50,30846.53
Balneário Pinhal,4301636,balneário-pinhalense,LUIZ CEZAR DANELLI FURINI,102.387,14955,146.06,15371,97.9,0.696,20.98,110787288.53,83979886.01,21310.39
Barão,4301651,baronense,JEFFERSON SCHUSTER BORN,122.567,6461,51.79,6489,98.7,0.748,16.39,57153998.08,45964436.67,49438.57
Barão de Cotegipe,4301701,cotegipense,FRANCIEL TIAGO IZYCKI,260.505,7144,27.42,7313,98,0.719,-,42275087.15,40540794.54,51643.3
Barão do Triunfo,4301750,baronense,ODONE KLOPPEMBURG,436.101,5889,13.50,5983,98,0.610,-,38095919.37,29744432.81,18850.07
Barracão,4301800,barraconense,LUIZ CARLOS DA SILVA,515.469,4831,9.37,4920,97.7,0.710,-,40753175.12,35967036.85,60546.74
Barra do Guarita,4301859,guaritense,VALCIER BALESTRIN,62.801,3161,50.33,3230,97.9,0.734,-,36311066.40,26335605.04,17394.57
Barra do Quaraí,4301875,barrense,MAHER JABER MAHMUD,1055.937,4241,4.02,4337,97.7,0.662,47.62,43870985.27,36389007.79,91123.36
Barra do Ribeiro,4301909,barrense,JOãO FRANCISCO SILVA FEIJO,729.316,12225,16.76,12475,94.2,0.670,15.27,72059460.91,66955225.23,37126.68
Barra do Rio Azul,4301925,barrazulense,ANDERSON FERNANDO BAGATINI,146.995,1696,11.54,1724,99.1,0.723,-,40740980.81,39053987.31,49813.05
Barra Funda,4301958,barra-fundense,ANDRE SIGNOR,60.437,2498,41.33,2555,100,0.763,-,37049699.30,35634800.46,64388.93
Barros Cassal,4302006,barros-cassalense,JOVIANO ZAGO,647.994,9296,14.35,9442,96.5,0.650,-,55628180.94,50622015.43,21895.98
Benjamin Constant do Sul,4302055,benjaminense,NILTON JOSE VALENTINI,132.351,2082,15.73,2120,98,0.619,-,27176749.10,23345742.83,25630.36
Bento Gonçalves,4302105,bento-gonçalvense,DIOGO SEGABINAZZI SIQUEIRA,272.287,123151,452.28,127775,96.6,0.778,11.02,765378325.01,787939117.30,60918.83
Boa Vista das Missões,4302154,boa-vistense,RUDILBERTO SOARES LANDESFELDT,196.064,1933,9.86,1969,98.5,0.676,-,36437436.86,29487772.68,114288.93
Boa Vista do Buricá,4302204,boa-vistense,JOãO RUDINEI SEHNEM,109.541,6966,63.59,7125,99.6,0.762,-,62331600.06,51107327.38,48701.61
Boa Vista do Cadeado,4302220,cadeadense,JOAO PAULO BELTRAO DOS SANTOS,701.221,2229,3.18,2271,100,0.703,47.62,43512015.61,38772450.67,190085.27
Boa Vista do Incra,4302238,boa vistense do incra,GILMAR LAURINDO BELLINI,504.114,2271,4.50,2315,99,0.731,24.39,41900140.17,33393266.93,146184.34
Boa Vista do Sul,4302253,boavistense,PATRICIA LUCIA BAGATINI,93.108,2779,29.44,2815,99.2,0.728,-,43772746.53,32585462.59,43320.08
Bom Jesus,4302303,bom-jesuense,FREDERICO ARCARI BECKER,2622.837,11202,4.27,11431,95,0.666,10.87,75261826.17,64842258.05,54447.36
Bom Princípio,4302352,bom-principiense,VASCO ALEXANDRE BRANDT,90.023,13142,148.23,13650,97.9,0.746,13.16,116499059.85,111954708.80,62757.39
Bom Progresso,4302378,bom-progressense,NORIMAR LEOPOLDO SCHOSSLER,89.206,2096,23.50,2134,99.1,0.723,35.71,26936997.59,25812545.96,46436.67
Bom Retiro do Sul,4302402,bom-retirense,CELSO PAZUCH,102.540,12294,119.89,12578,99.4,0.739,12.82,72907339.60,62782236.68,32378.99
Boqueirão do Leão,4302451,léo-boqueirense,PAULO JOEL FERREIRA,257.789,6247,23.49,6215,98.6,0.700,16.13,42241462.45,37122581.07,19554.48
Bossoroca,4302501,bossoroquense,JOAO ALBERTO OURIQUE DO NASCIMENTO,1610.056,5890,3.66,5988,96.9,0.692,16.13,59731514.66,56974647.32,79966.92
Bozano,4302584,bozanense,GEDERSON MORI,200.497,2151,10.73,2195,100,0.745,-,29667692.89,23132073.05,108341.64
Braga,4302600,braguense,SADI ENRIQUE DELLA LIBERA,132.044,3268,24.75,3326,92.9,0.674,24.39,31254650.98,26174771.45,40032.87
Brochier,4302659,brochiense,JOSé HENRIQUE DAPPER,105.353,4966,47.14,5079,98,0.699,22.73,41717373.89,37841043.62,22934.5
Butiá,4302709,butiaense,JEFFERSON SALATIEL DA SILVA VIEIRA,752.187,19084,25.37,19433,96.4,0.689,10.2,108305713.24,91904104.44,25919.33
Caçapava do Sul,4302808,caçapavano,MARCELO CORDERO SPODE,3048.147,32515,10.67,33508,99,0.704,7.07,182345777.20,205939729.90,33536.47
Cacequi,4302907,cacequiense,ANA PAULA MENDES MACHADO DELOLMO,2373.507,11157,4.70,11324,96.5,0.700,-,94581581.03,78025172.66,50694.42
Cachoeira do Sul,4303004,cachoeirense,LEANDRO TITTELMAIER BALARDIN,3736.064,80070,21.43,82250,98.7,0.742,16.17,445698703.10,463181410.10,43440.91
Cachoeirinha,4303103,cachoeirinhense,CRISTIAN WASEM ROSA,43.760,136258,3112.48,141303,96,0.757,8.6,776351703.53,619492024.40,48874.53
Cacique Doble,4303202,caciquense,MARCIO CAPRINI,203.582,4603,22.56,4694,99,0.662,-,42755187.02,35885607.13,33294.25
Caibaté,4303301,caibateense,DANIEL SEFFRIN HERTHER,261.280,4704,18.00,4797,98.1,0.719,23.81,44581863.33,42867504.65,55167.67
Caiçara,4303400,caiçarense,ZíLIO ROGGIA,189.071,4836,25.57,4933,97.1,0.699,24.39,35729433.50,32579474.73,32805.41
Camaquã,4303509,camaquense,ABNER DOS SANTOS DILLMANN,1679.242,62200,37.02,63959,96.7,0.697,14.67,315963472.58,307708137.70,40843.08
Camargo,4303558,camarguense,JEANICE DE FREITAS FERNANDES,138.069,2981,21.59,3056,98.1,0.736,-,41155695.63,35754826.13,189265.97
Cambará do Sul,4303608,cambaraense,SCHAMBERLAEN JOSE SILVESTRE,1181.811,6361,5.38,6492,96.4,0.697,-,59464565.39,54473645.06,38003.51
Campestre da Serra,4303673,campestrense,TAIRO BALARDIN,538.487,3242,6.02,3311,100,0.706,45.45,37069880.90,32179228.23,60171.09
Campina das Missões,4303707,campinense,CARLOS JUSTEN,224.792,5882,26.17,6001,98.5,0.738,20.83,43911962.48,42082298.32,44914.25
Campinas do Sul,4303806,campinense,PAULO SERGIO BATTISTI,276.162,5284,19.13,5390,99.4,0.760,-,53742503.26,46444886.97,73663.3
Campo Bom,4303905,campo-bonense,GIOVANI BATISTA FELTES,60.562,62886,1038.08,64704,98.9,0.745,8.49,429128775.59,440082165.10,51443.5
Campo Novo,4304002,campo-novense,PEDRO DOS SANTOS,220.719,4975,22.54,5068,98.6,0.703,13.7,40451928.39,36958289.81,76231.72
Campos Borges,4304101,campos-borgense,CLEONICE PASQUALOTTO DA PAIXãO TOLEDO,226.202,3613,15.97,3693,97.3,0.708,-,42348030.66,32974077.06,45853.46
Candelária,4304200,candelariense,NESTOR RUBEM ELLWANGER,944.735,28906,30.60,29783,97.9,0.674,23.65,180294609.47,147442893.70,34255.3
Cândido Godói,4304309,godoiense,GUERINO BACKES,247.047,6294,25.48,6421,99.1,0.728,-,47330580.94,42346243.57,58702.31
Candiota,4304358,candiotense,LUIZ CARLOS FOLADOR,933.628,10710,11.47,10992,94.9,0.698,-,101010245.10,102839495.90,282683.22
Canela,4304408,canelense,GILBERTO DA CONCEICAO CEZAR,253.002,48946,193.46,50613,97.1,0.748,7.82,311868620.73,284156461.00,34711.89
Canguçu,4304507,canguçuense,ARION LUIZ BORGES BRAGA,3526.316,49680,14.09,50998,96.9,0.650,17.05,273740659.32,229587379.30,29448.32
Canoas,4304606,canoense,AIRTON JOSE DE SOUZA,130.774,347657,2658.15,359554,95.9,0.750,10.94,2150220735.56,2542549000.00,62892.77
Canudos do Vale,4304614,canudense do vale,MAICO JUAREZ BERGHAHN,82.943,1656,19.97,1687,99,0.713,-,26565622.83,23373732.00,40157.66
Capão Bonito do Sul,4304622,capão bonitense,MARIZETE VARGAS PEREIRA RAUTA,526.850,1733,3.29,1769,98.8,0.637,-,38360131.73,31904813.10,210105.78
Capão da Canoa,4304630,caponense,VALDOMIRO DE MATOS NOVASKI,98.383,63594,646.39,66012,95.2,0.743,11.01,531278389.98,434421943.40,35739.83
Capão do Cipó,4304655,cipoense,ADAIR FRACARO CARDOSO,1007.796,3119,3.09,3186,98.9,0.672,-,47474121.77,39334953.42,172220.01
Capão do Leão,4304663,leonense,VILMAR MOTTA SCHMITT,783.196,26487,33.82,27389,95.3,0.637,13.56,122048267.16,118913017.90,32600.83
Capivari do Sul,4304671,capivariense,MARCO ANTONIO MONTEIRO CARDOSO,412.889,3991,9.67,4079,96.4,0.766,20.83,45404745.93,37718428.47,80707.69
Capela de Santana,4304689,capelense,OZIEL CARLEBE RANGEL,182.756,11159,61.06,11416,98.3,0.661,6.85,64712962.01,53884840.60,24508.37
Capitão,4304697,capitanense,MáRCIO ANDRé DA COSTA,73.967,2921,39.49,2991,98.2,0.746,-,40052349.98,39495586.49,34432.45
Carazinho,4304705,carazinhense,JOãO PEDRO ALBUQUERQUE DE AZEVEDO,666.694,61804,92.70,63638,98,0.766,10,399320582.56,396164894.00,61635.35
Caraá,4304713,caraense,BOLIVAR ANTONIO DE SOUZA RABELO GOMES,294.606,7394,25.10,7553,96.2,0.652,-,55144453.34,40288050.50,19660.45
Carlos Barbosa,4304804,barbosense,EVERSON KIRCH,230.061,30420,132.23,31528,98.7,0.796,9.29,265744055.57,229253569.50,115232.73
Carlos Gomes,4304853,carlos-gomense,HERMES ANTONIO PARIS,83.196,1368,16.45,1387,98.1,0.739,-,26381021.72,22180927.59,53087.07
Casca,4304903,casquense,JURANDI NERI PERIN,272.041,9465,34.79,9689,99.1,0.785,-,62087037.53,54479204.17,79153.17
Caseiros,4304952,caseirense,JOELICE BORTOLANZA CANALI,235.649,3000,12.72,3064,94.6,0.703,25,38180503.05,32543386.11,61708.82
Catuípe,4305009,catuipano,PAULO ROBERTO DALLA CORTE,583.180,8674,14.87,8840,99.5,0.739,-,58408242.36,52367634.18,73932.28
Caxias do Sul,4305108,caxiense,ADILO ANGELO DIDOMENICO,1652.320,463501,280.52,479256,96.3,0.782,11.17,3063951551.88,2976213654.00,60506.95
Centenário,4305116,centenariense,GENOIR MARCOS FLOREK,134.780,2721,20.27,2779,99.4,0.701,100,28849986.19,24220470.10,42156.31
Cerrito,4305124,cerritense,JOSé FLAVIO VIEIRA DE VIEIRA,451.699,5808,12.86,5915,97.5,0.649,20.83,40077737.08,37481632.07,26865.43
Cerro Branco,4305132,cerro-branquense,BRUNO LUCIANO RADTKE,158.025,3802,24.06,3865,98.7,0.661,71.43,38377803.71,33436986.08,19101.32
Cerro Grande,4305157,cerro-grandense,ALVARO DECARLI,73.438,2379,32.39,2429,97.7,0.674,-,35827364.68,29470988.66,32687.84
Cerro Grande do Sul,4305173,sul-cerro-grandense,VILMAR WOLFLE SCHWALM,324.908,9178,28.25,9343,94.9,0.660,-,56833090.48,51819928.74,16152.52
Cerro Largo,4305207,cerro-larguense,PROTáSIO PEDRO BUTZEN,176.742,13705,77.59,14009,98.2,0.764,14.49,87615092.63,82113279.31,55941.51
Chapada,4305306,chapadense,GELSON MIGUEL SCHERER,684.247,9540,13.94,9748,98.9,0.757,9.9,77407132.27,67064271.42,80536.95
Charqueadas,4305355,charqueadense,RICARDO MACHADO VARGAS,217.362,35012,161.08,36109,99.5,0.747,6.64,207467588.91,185401654.00,41649.07
Charrua,4305371,charruense,GERSO JOSé RONCAGLIO,198.748,2768,13.93,2807,89.6,0.620,-,29608283.22,24585603.13,46267.26
Chiapetta,4305405,chiapetense,OSMAR KUHN,397.179,3913,9.85,3992,97.5,0.732,-,44744249.79,37931528.27,105546.96
Chuí,4305439,chuiense,CARLOS HENRIQUE DA SILVA SEGOVIA,202.387,6262,30.94,6405,97.7,0.706,-,41254492.95,38139631.04,54200.93
Chuvisca,4305447,chuvisquense,MARCIO SIDINEI KONFLANZ,220.471,4597,20.85,4686,97,0.616,19.23,34362400.08,30218621.57,23511.99
Cidreira,4305454,cidreirense,GILBERTO DA COSTA SILVA,243.419,17071,70.13,17538,99.1,0.729,18.07,133990071.92,100935838.80,21427.39
Ciríaco,4305504,ciriaquense,ODACIR BOAVENTURA MANHABOSCO DE MELLO,274.350,4149,15.12,4215,95.4,0.719,-,39054038.75,33286390.73,56330.74
Colinas,4305587,colinense,MARCELO SCHROER,60.732,2423,39.90,2474,99,0.765,-,37133691.43,29885814.99,35364.42
Colorado,4305603,coloradense,RODRIGO SARTORI,286.295,3258,11.38,3319,99.2,0.758,-,41934734.85,40604384.83,109506.71
Condor,4305702,condorense,RôMULO TEIXEIRA CARVALHO,463.568,6406,13.82,6539,98.3,0.747,-,67867328.95,60350572.82,92330.04
Constantina,4305801,constantinense,CRISTIAN RIBOLI BRATZ,203.614,10385,51.00,10623,96.1,0.754,6.9,68815490.90,62494467.94,43658.25
Coqueiro Baixo,4305835,coqueirense,LUCIANO ANDRE ONGARATTO,112.638,1290,11.45,1311,100,0.692,-,26323932.67,21868001.53,35008.88
Coqueiros do Sul,4305850,coqueirense,RAFAEL KOCHENBORGER,277.147,2211,7.98,2251,98.8,0.746,50,41749430.52,29557602.49,83874.61
Coronel Barros,4305871,coronel-barrense,BRáULIO SCHERER,163.716,2822,17.24,2892,98.6,0.744,-,46084223.32,37721998.85,89696.56
Coronel Bicaco,4305900,bicaquense,ARLEU VALADAR MACHADO,492.303,6144,12.48,6230,97.2,0.665,-,62819343.13,49566369.26,71419.97
Coronel Pilar,4305934,coronel pilarense,IVAN BATISTA AGATTI,105.668,1607,15.21,1638,100,0.727,-,30130954.84,22315673.59,30623.65
Cotiporã,4305959,cotiporanense,JOSé CARLOS BREDA,173.207,3846,22.20,3926,99.5,0.741,-,41219324.95,36256550.35,43914.1
Coxilha,4305975,coxilhense,JOãO EDUARDO OLIVEIRA MANICA,422.101,2667,6.32,2719,98,0.706,-,44130501.93,38434961.38,154691.89
Crissiumal,4306007,crissiumalense,MARCO AURELIO NEDEL,362.194,12886,35.58,13127,98.8,0.712,14.49,79500492.29,72239465.50,38358.26
Cristal,4306056,cristalense,MARCELO LUIS KROLOW,679.742,7299,10.70,7454,98,0.644,50.63,54061875.57,49946427.80,38037.96
Cristal do Sul,4306072,cristalense,ALEXANDRE COSTA,97.073,2692,27.73,2746,97.8,0.660,-,32638219.71,24119153.32,33359.29
Cruz Alta,4306106,cruzaltense,PAULA RUBIN FACCO LIBRELOTTO,1360.548,58913,43.30,60486,97.2,0.750,8.61,339968236.83,301502726.30,77389.3
Cruzaltense,4306130,cruzaltino,ANDRé GAZZONI,166.883,1635,9.80,1655,100,0.719,83.33,29167066.68,24586847.19,82018.89
Cruzeiro do Sul,4306205,cruzeirense,CESAR LEANDRO MARMITT,155.482,11600,74.81,12571,97,0.723,-,80921863.11,64299805.50,42787.38
David Canabarro,4306304,canabarrense,LAURO ANTONIO BENEDETTI,174.172,4321,24.73,4403,98.6,0.762,22.22,37332555.82,32249040.71,48470.51
Derrubadas,4306320,derrubadense,MIRO MULBEIER,360.851,2751,7.62,2797,100,0.707,-,36813336.45,30066957.52,54601.48
Dezesseis de Novembro,4306353,dezesseis-novembrense,JOHNNI RAMAO LOMBALDO BOCACIO,216.341,2507,11.53,2544,98.8,0.654,-,28079006.89,24142903.17,24527.63
Dilermando de Aguiar,4306379,dilermandense,JORGE ALBERTO PEREIRA SAIDELLES,600.518,2806,4.67,2859,94.1,0.648,-,40030912.91,34340191.19,89569.01
Dois Irmãos,4306403,dois-irmãosense,JERRI ADRIANI MENEGHETTI,67.509,30709,464.49,31769,98.5,0.743,5.62,213191739.52,179198064.70,65238.03
Dois Irmãos das Missões,4306429,dois-irmãozense,MAURO PROCóPIO FORTES DE QUADROS,226.072,2090,9.24,2133,96,0.670,-,31269681.53,26930833.37,99996.91
Dois Lajeados,4306452,dois-lajeense,FABIANA GIACOMIN,133.535,3097,23.19,3158,99.1,0.757,-,40196009.87,37503090.74,50616.02
Dom Feliciano,4306502,donfelicianense,TIAGO ANDRE SZORTYKA,1355.195,13051,9.63,13291,94,0.587,7.75,75465590.26,67979894.83,22940.15
Dom Pedro de Alcântara,4306551,dom-pedro-alcantarense,ALEXANDRE MODEL EVALDT,78.216,2562,32.75,2617,97.4,0.691,35.71,32825996.91,29234497.76,26005.05
Dom Pedrito,4306601,pedritense,DIEGO DA ROSA CRUZ,5194.051,36981,7.12,38094,97.5,0.708,10.9,251848302.13,202679652.40,57844.71
Dona Francisca,4306700,francisquense,SAUL ANTONIO DAL FORNO RECK,114.149,3079,26.97,3136,97.6,0.697,-,29986940.76,27949489.52,36036.35
Doutor Maurício Cardoso,4306734,mauriciense,LAURI JOSé ELY,255.731,4470,17.48,4542,97.3,0.706,-,52037722.26,41009166.48,59542.4
Doutor Ricardo,4306759,ricardense,ALVARO JOSé GIACOBBO,107.960,1888,17.49,1925,99.2,0.724,-,30660449.51,22635444.45,40106.77
Eldorado do Sul,4306767,eldoradense,JULIANA DIAS FAGUNDES CARVALHO,509.632,39559,77.63,40954,97.2,0.717,8.73,283228700.89,268875010.60,49900.17
Encantado,4306809,encantadense,JONAS CALVI,140.006,22962,164.01,23494,99.5,0.767,4.12,167107013.68,147171912.50,50694.44
Encruzilhada do Sul,4306908,encruzilhadense,BENITO FONSECA PASCHOAL,3347.861,23819,7.11,24280,96.1,0.657,3.55,171321338.25,146938875.10,41512.46
Engenho Velho,4306924,engenho-velhense,PAULO ANDRE DAL ALBA,71.191,1296,18.20,1317,97.3,0.717,-,31052546.39,24609823.81,78554.93
Entre-Ijuís,4306932,entre-ijuiense,BRASIL ANTONIO SARTORI,553.915,9158,16.56,9364,99.2,0.680,10.2,67906767.15,60555933.94,82344.41
Entre Rios do Sul,4306957,entre-rio-sulense,IRSON MILANI,119.912,2685,22.39,2731,98.2,0.703,40,35095117.25,28355214.61,76180.58
Erebango,4306973,erebanguense,VALMOR JOSé TOMELERO,152.793,3054,19.99,3121,99.1,0.712,19.23,38706827.73,30399075.71,60603.72
Erechim,4307005,erechinense,PAULO ALFREDO POLIS,429.164,105705,246.30,109497,97.9,0.776,11.73,527417451.72,494736119.70,64103
Ernestina,4307054,ernestinense,ODIR JOAO BOEHM,238.558,3034,12.72,3097,100,0.716,-,37580717.91,36158546.05,83742.62
Herval,4307104,hervalense,CELSO VIEIRA SILVEIRA,1759.717,6191,3.52,6307,97.3,0.687,39.22,51533426.37,48070682.43,37256.6
Erval Grande,4307203,erval-grandense,SUZINEI SCHNEIDER,285.677,4930,17.26,5029,99.3,0.681,17.86,39442958.89,34321910.11,31565.21
Erval Seco,4307302,erval-sequense,EDERSON WINK,357.181,6787,19.00,6902,99.1,0.685,-,48657850.19,43042759.93,52854.5
Esmeralda,4307401,esmeraldense,AILTON DE Sá ROSA,829.587,3195,3.85,3264,98.7,0.680,27.78,38325362.08,34079346.18,119373.62
Esperança do Sul,4307450,esperançulense,ADEMIR VILLERS DA CRUZ,148.909,3226,21.66,3294,98,0.661,-,33508161.23,28691689.00,41015.55
Espumoso,4307500,espumosense,GERSON LOPES RODRIGUES MACHADO,783.642,15173,19.36,15478,98.2,0.765,5.68,100325993.58,92016277.45,71380.17
Estação,4307559,estacionense,GEVERSON ZIMMERMANN,99.757,5582,55.96,5688,96.6,0.753,18.87,48865308.82,39467091.13,59200.96
Estância Velha,4307609,estanciense,DIEGO WILLIAN FRANCISCO,51.779,47924,925.55,49440,98.6,0.757,6.45,258213634.84,288629318.70,36564.93
Esteio,4307708,esteiense,FELIPE COSTELLA,27.676,76137,2751.01,78181,97.6,0.754,4.52,489439194.05,439765812.80,44988.45
Estrela,4307807,estrelense,CARINE ISABEL SCHWINGEL,185.032,32183,173.94,33243,98.7,0.767,13.16,243832729.20,234657487.20,62633.5
Estrela Velha,4307815,estrelavelhense,ALEXANDER CASTILHOS,281.613,3070,10.90,3120,100,0.679,22.22,33762523.33,31575221.21,54145.31
Eugênio de Castro,4307831,eugenio-castrense,JOSE FERNANDO DE LIMA MACHADO,417.821,2633,6.30,2685,99.2,0.712,-,42106547.57,34849435.06,175516.28
Fagundes Varela,4307864,fagundense,NELTON CARLOS CONTE,134.295,2566,19.11,2620,98.8,0.763,-,40078889.33,33387475.25,71970.31
Farroupilha,4307906,farroupilhense,JONAS TOMAZINI,361.341,70286,194.51,72477,98.5,0.777,7.26,465522385.64,467047452.50,59633.5
Faxinal do Soturno,4308003,soturnense,LOURENçO DOMINGOS MORO,169.514,6702,39.54,6846,99.1,0.720,14.08,50758550.70,42728799.96,40611.12
Faxinalzinho,4308052,faxinalzinhense,JAMES AYRES TORRES,143.321,2520,17.58,2572,96.4,0.666,35.71,28373636.03,26079160.21,45729.43
Fazenda Vilanova,4308078,vilanovense,AMARILDO LUIS DA SILVA,84.794,4291,50.60,4399,97,0.698,-,42926265.64,36006547.59,30090.25
Feliz,4308102,felizense,CLóVIS FREIBERGER JUNIOR,94.659,13764,145.14,13979,98.9,0.750,6.45,109283521.24,90576220.48,42930.67
Flores da Cunha,4308201,florense,CESAR ULIAN,276.241,30892,111.83,31973,97.4,0.754,7.77,220307552.09,184358582.00,80956.1
Floriano Peixoto,4308250,florianense,JAIR ANTONIO OSTROWSKI,168.521,1668,9.90,1694,99.2,0.663,-,29566223.11,21078297.72,60303.24
Fontoura Xavier,4308300,fontourense,LUIZ ARMANDO TAFFAREL,583.239,9550,16.37,9721,96.1,0.661,-,61842103.84,54390217.92,22342.41
Formigueiro,4308409,formigueirense,CRISTIANO CEZAR CASSOL RUBERT,578.875,6413,11.08,6533,95.6,0.682,-,49313583.72,41126372.38,46095.12
Forquetinha,4308433,forquetinhense,VIANEI ANDRE NOLL,93.278,2393,25.66,2441,95.1,0.683,-,28254564.13,24346786.26,24671.04
Fortaleza dos Valos,4308458,fortalezense,PAULO CEZAR MARANGON,650.512,4477,6.88,4569,99.7,0.756,-,58722018.08,50169514.34,132824.77
Frederico Westphalen,4308508,westphalense,ORLANDO GIRARDI,264.876,32627,123.04,33684,97.9,0.760,6.83,182283897.56,153169359.30,45165.14
Garibaldi,4308607,garibaldense,SERGIO CHESINI,168.492,34335,203.78,35522,95.6,0.786,10.1,270892075.52,255258123.20,83756.02
Garruchos,4308656,garruchense,ROLAND SCHATZ,803.970,2688,3.34,2729,98.3,0.671,-,41674663.43,31529485.08,70489.57
Gaurama,4308706,gauramense,ELIEZER VAGNER ZANATTA,204.428,5665,27.71,5780,99.2,0.738,-,41506541.56,41750047.29,51913.23
General Câmara,4308805,camarense,MARCIO PEREIRA BRANDãO,510.010,7612,14.93,7751,97.3,0.686,-,1098205.52,40448911.44,33142.16
Gentil,4308854,gentilense,ADELAR JOSé SILVESTRI,184.715,1744,9.44,1783,98,0.733,-,29524699.69,23811040.62,117756.19
Getúlio Vargas,4308904,getuliense,PEDRO PAULO PREZZOTTO,287.466,16602,57.75,16950,98.5,0.746,19.48,108062108.87,97246945.55,49118.74
Giruá,4309001,giruaense,DARI PAULO PRESTES TABORDA,855.560,16013,18.68,16282,98.2,0.721,12.82,127974083.51,114296291.50,76479.16
Glorinha,4309050,glorinhense,CARLOS LEONARDO VARGAS CARVALHO,323.955,7658,23.64,7842,98.8,0.714,13.33,56369085.37,51528999.12,55622
Gramado,4309100,gramadense,NESTOR TISSOT,239.341,40134,167.69,41621,96.9,0.764,1.9,522811890.55,505226578.80,72103.34
Gramado dos Loureiros,4309126,loureirense,ARTUR CEREZA,131.396,2014,15.33,2049,99.5,0.685,54.05,32784951.66,28627447.28,46453.26
Gramado Xavier,4309159,gramado-xavierense,JOSE MARCELO LAUFER,216.790,3304,15.19,3356,98.5,0.634,-,39144416.90,34146354.93,25007.13
Gravataí,4309209,gravataiense,LUIZ ARIANO ZAFFALON,468.288,265074,566.05,275294,95.7,0.736,9.41,1317754529.90,1258250236.00,35934.57
Guabiju,4309258,guabijuense,NERI ROSA DA SILVA,146.925,1417,9.64,1442,100,0.758,-,26746475.70,24939025.18,89842.5
Guaíba,4309308,guaibense,MARCELO SOARES REINALDO,377.664,92924,247.03,95956,97.3,0.730,5.42,666930235.19,557335005.00,84254.24
Guaporé,4309407,guaporense,ODAIR ANDRE ROSSETTO,297.545,25268,84.92,26138,98.5,0.765,3.61,173318731.31,146080855.30,43858.55
Guarani das Missões,4309506,guaraniense,LEANDRO INACIO WASTOWSKI,289.516,7415,25.51,7553,97.8,0.737,-,48010296.53,50294277.06,49049.53
Harmonia,4309555,harmoniense,ERNANI JOSé FORNECK,48.540,5378,110.76,5524,100,0.749,32.79,58627471.69,49815467.36,49425.43
Herveiras,4309571,herveirense,NAZARIO RUBI KUENTZER,117.981,2565,21.69,2608,93.7,0.616,-,28851122.64,24316058.87,23564.77
Horizontina,4309605,horizontinense,JONES JEHN DA CUNHA,229.694,18851,82.07,19246,97.6,0.783,4.83,212368443.54,185549250.30,134124.88
Hulha Negra,4309654,hulha-negrense,FERNANDO CAMPANI,822.608,5976,7.26,6102,96,0.643,11.24,43749810.18,40310835.49,45617.4
Humaitá,4309704,humaitaense,LUIZ CARLOS SANDRI,135.010,4681,34.67,4774,99,0.738,68.18,48793142.88,44800425.93,48651.94
Ibarama,4309753,ibaramense,VALMOR NERI MATTANA,195.426,3732,19.10,3793,97.7,0.652,32.26,32626030.40,27053100.35,25546.56
Ibiaçá,4309803,ibiaçaense,JONES ROBERTO CECCHIN,348.778,4527,12.98,4618,97.6,0.739,-,46910086.50,45370679.26,78314.21
Ibiraiaras,4309902,ibiraiarense,JOEL ISIDORO CRISTIANETTI,280.816,6776,23.19,6830,97.5,0.724,-,55802705.09,44576007.13,55000.81
Ibirapuitã,4309951,ibirapuitanense,ROSEMAR HENTGES,307.164,3723,12.12,3793,95.4,0.638,52.63,38076794.29,34874623.54,53540.94
Ibirubá,4310009,ibirubense,JAQUELINE BRIGNONI WINSCH,607.185,21583,35.55,22082,99,0.765,12.05,155394285.49,128152285.30,84109.24
Igrejinha,4310108,igrejinhense,LEANDRO MARCIANO HORLLE,138.116,32808,237.22,34763,97.3,0.721,6.2,222616732.65,200447459.30,50031.27
Ijuí,4310207,ijuiense,ANDREI COSSETIN SCZMANSKI,688.982,84780,123.05,87775,98.9,0.781,9.28,656582995.30,614054336.10,61760.07
Ilópolis,4310306,ilopolitano,FERNANDO DAPONT,123.602,4157,33.63,4245,95.7,0.730,-,39462130.06,34059836.49,34674.18
Imbé,4310330,Imbeense,LUIS HENRIQUE VEDOVATO,39.766,26824,674.55,27931,96.8,0.764,19.61,234838255.98,221513316.30,26424.42
Imigrante,4310363,imigrantense,GERMANO STEVENS,71.718,3080,42.95,3148,95.1,0.743,32.26,44897721.10,37165904.36,167318.28
Independência,4310405,independenciense,EDUARDO MAAHS MARASCA,358.284,6427,17.94,6558,98.9,0.693,-,56738091.54,47987386.29,81626.01
Inhacorá,4310413,inhacorense,EMERSON CAVALI DE VARGAS,113.749,2014,17.71,2049,98.8,0.673,38.46,28542287.74,24594744.45,50093.22
Ipê,4310439,ipeense,JOSé MáRIO GRAZZIOTIN,599.032,5399,9.01,5496,98.6,0.728,-,53420896.42,46258442.53,44326.21
Ipiranga do Sul,4310462,ipiranguense,MARCO ANTONIO SANA,158.710,1720,10.84,1750,100,0.791,66.67,31061538.68,25134888.50,94937.47
Iraí,4310504,iraiense,VOLMIR JOSé BIELSKI,181.850,7482,41.21,7624,98.4,0.691,-,43309960.55,35541772.09,36118.47
Itaara,4310538,itaarense,SANDRO ROBERTO GALARçA FERIGOLLO,172.801,5572,32.25,5706,99.1,0.760,18.52,39068406.66,29379484.21,51436.88
Itacurubi,4310553,itacurubiense,GELSO DOS SANTOS SOARES,1120.249,2995,2.67,3042,96.3,0.657,76.92,38143595.61,32929054.13,71263.11
Itapuca,4310579,itapuquense,DELAVIR SCORSATTO,184.673,1937,10.49,1967,97.5,0.664,-,28503527.80,26077072.85,46261.07
Itaqui,4310603,itaquiense,LEONARDO DICSON SANCHEZ BETIN,3405.999,35768,10.50,36830,98.7,0.713,26.07,226058978.38,182939044.40,58531.72
Itati,4310652,itatiense,MADALENA TRISCH RAPACK,205.060,2638,12.86,2695,97.7,0.669,-,32074034.07,30532069.85,36490.36
Itatiba do Sul,4310702,itatibense,VALDEMAR CIBULSKI,212.669,3208,15.08,3249,99.2,0.681,-,41859183.24,32808581.93,25996.27
Ivorá,4310751,ivorense,JOSEMAR ZORZI OSMARI,122.930,1929,15.69,1964,97.1,0.724,-,14077809.88,23070691.30,38786.64
Ivoti,4310801,ivotiense,VALDIR JOSé LUDWIG,63.092,22983,364.28,23533,100,0.784,4.39,168933195.62,139192355.80,47087.23
Jaboticaba,4310850,jaboticabense,EDVALDO ROSA RIBEIRO,127.589,3779,29.62,3850,98.1,0.658,23.26,34868362.21,30617297.25,36578.03
Jacuizinho,4310876,jacuizinhense,DINIZ JOSE FERNANDES,339.399,2040,6.01,2070,98.1,0.662,86.96,30051698.54,25560301.91,82423.05
Jacutinga,4310900,jacutinguense,ADEMIR MARCIO SAKREZENSKI,178.009,3338,18.75,3401,97.4,0.726,25.64,41909836.09,35330613.62,65770.01
Jaguarão,4311007,jaguarense,ROGERIO LEMOS CRUZ,2051.845,26603,12.97,27406,97.1,0.707,7.04,155654756.75,143857764.10,40239.75
Jaguari,4311106,jaguariense,IGOR ROSA TAMBARA,675.108,10579,15.67,10779,97,0.712,-,65430854.04,63191366.67,35381.69
Jaquirana,4311122,jaquiranense,MARIA ISABEL RAUBER TURELLA,908.879,3690,4.06,3755,96.1,0.614,-,44490757.75,42246235.59,26042.85
Jari,4311130,jariense,OSNEI DOS SANTOS AZEREDO,853.080,3349,3.93,3414,96,0.631,37.04,39352532.25,35137107.42,135082.01
Jóia,4311155,joiense,DIONEI DE MATOS LEWANDOWSKI,1238.709,7184,5.80,7305,96.6,0.686,-,71653047.98,60804565.43,113803.19
Júlio de Castilhos,4311205,castilhense,BERNARDO QUATRIN DALLA CORTE,1929.544,18226,9.45,18557,97.3,0.716,11.83,128065876.89,115634245.20,100483.88
Lagoa Bonita do Sul,4311239,lagobonitense,LUIZ FRANCISCO FAGUNDES,109.758,2251,20.51,2287,97.9,0.670,-,27087518.67,24525013.02,23448.31
Lagoão,4311254,lagonense,NELIO FORNARI,387.453,5341,13.78,5429,97,0.643,34.48,43597702.74,35699493.20,23912.37
Lagoa dos Três Cantos,4311270,três-cantense,SERGIO ANTONIO LASCH,138.602,1738,12.54,1779,100,0.789,-,33548712.25,26501820.21,97967.03
Lagoa Vermelha,4311304,lagoense,ELOIR JORGE MORONA,1272.725,27659,21.95,28617,97.5,0.738,8.98,179166160.61,151441379.20,54534.96
Lajeado,4311403,lajeadense,GLáUCIA SCHUMACHER,90.801,93646,1026.47,96651,98,0.778,11.61,639535748.86,563629985.80,65067.95
Lajeado do Bugre,4311429,lajeado-bugrense,RONALDO MACHADO DA SILVA,67.947,2601,38.28,2660,96.8,0.613,-,28415359.01,22122206.20,29145.22
Lavras do Sul,4311502,lavrense,RENAN LEAL DELABARY,2600.969,7157,2.75,7294,98.5,0.699,13.33,74319254.58,61767467.59,67155.99
Liberato Salzano,4311601,salzanense,GILSON DE CARLI,245.627,4781,19.46,4854,98.9,0.685,-,38483576.72,32528092.28,33898.65
Lindolfo Collor,4311627,lindolfo-collorense,GASPAR BEHNE,33.351,6248,187.34,6409,97.1,0.712,11.9,53368011.99,39903831.21,59074.46
Linha Nova,4311643,linha-novense,GUIOMAR RAUL WINGERT,63.502,1683,26.50,1720,100,0.749,-,24819684.82,22817434.25,38038.69
Machadinho,4311700,machadinhense,SIDINEI LOPES DE LIMA,335.344,5735,17.11,5864,98.5,0.692,-,47381956.96,41497010.98,50419.98
Maçambará,4311718,maçambarense,JOSé MARIO DOS SANTOS,1682.676,4425,2.63,4487,99.3,0.684,16.95,51562705.06,46857933.09,128231.01
Mampituba,4311734,mampitubense,GILBERTO LOPES ROLDãO,156.653,3131,19.99,3201,96.6,0.649,-,32940542.19,27772071.54,23680.66
Manoel Viana,4311759,vianense,ANTONIO FLAVIO FERNANDES BUSNELO,1365.086,6801,4.89,6917,99.2,0.655,-,52320266.65,39345552.27,74773.78
Maquiné,4311775,maquinense,LUCIANO DE ALMEIDA ALVES,613.580,7418,12.09,7588,94.6,0.682,-,55596424.85,45163723.48,28232.21
Maratá,4311791,marataense,GISELE ADRIANA SCHNEIDER,82.063,2470,30.10,2521,99,0.697,52.63,39250371.04,32062334.46,29788.54
Marau,4311809,marauense,NAURA BORDIGNON,649.770,45124,69.45,46656,94.5,0.774,9.03,276029283.39,233444927.70,67219.06
Marcelino Ramos,4311908,marcelinense,VANNEI MAFISSONI,229.551,4320,18.80,4389,98.2,0.724,21.74,40253642.76,34827508.87,39590.38
Mariana Pimentel,4311981,marianense,JOEL GHISIO,338.450,3916,11.57,4003,97.7,0.701,-,33479398.64,29927930.05,26848.63
Mariano Moro,4312005,marianense,VALDECIR MARIANO PINTO,98.727,1858,18.82,1888,98.1,0.730,-,32321762.45,24878917.20,36681.94
Marques de Souza,4312054,marques-souzense,FáBIO ALEX MERTZ,125.714,3969,31.57,4050,100,0.687,34.48,42368459.00,40941485.74,31181.68
Mata,4312104,matense,SANDRO SAVEGNAGO,316.121,4698,14.86,4786,97.9,0.656,-,37990137.45,33744826.79,35505.31
Mato Castelhano,4312138,mato-castelhanense,ROGéRIO AZEREDO FRANçA,238.268,2553,10.71,2610,100,0.727,-,4229880.92,28315213.43,66163.47
Mato Leitão,4312153,mato-leitoense,ARLY ST&Ouml;HR,46.799,4859,103.83,4990,100,0.746,-,40670986.10,38868877.46,39017.82
Mato Queimado,4312179,matoqueimadense,MAURO JOSé HARTMANN,114.653,1795,15.66,1833,99.2,0.717,66.67,27840315.99,23562194.65,54901.02
Maximiliano de Almeida,4312203,almeidense,ANDRé FERNANDO ZUCUNELLI,208.955,4191,20.11,4258,99.1,0.699,-,36403933.89,31902914.40,37875.46
Minas do Leão,4312252,leonense,SILVIA MARIA LASEK NUNES,424.339,7505,17.69,7661,97.9,0.681,-,48062331.77,49207753.58,34338.93
Miraguaí,4312302,miraguaiense,LEONIR HARTK,131.236,4427,33.73,4506,99.1,0.725,-,40354199.75,32799575.47,38862.02
Montauri,4312351,montauriense,NELCIR STEFENON,82.230,1499,18.23,1530,100,0.764,-,28383780.26,24427277.61,68627.31
Monte Alegre dos Campos,4312377,montealegrense,ONILTON JOãO CAPELINI,549.455,3180,5.79,3250,98.7,0.650,-,35195107.54,30198243.64,33898.25
Monte Belo do Sul,4312385,monte-belense,JORGE BENVENUTTI,69.726,2557,36.67,2609,98.7,0.752,-,35005150.45,30028762.18,37563.3
Montenegro,4312401,montenegrino,GUSTAVO ZANATTA,425.023,64322,151.34,66295,97.4,0.755,5.89,443285956.62,396590279.60,86949.68
Mormaço,4312427,mormacense,ALEXANDRE ANTONIO VIEIRA,146.191,2756,18.85,2815,97.8,0.714,38.46,32139300.36,28772387.56,48847.68
Morrinhos do Sul,4312443,morrinhense,MARCOS VENICIOS EVALDT DA SILVEIRA,166.224,3071,18.48,3134,100,0.711,-,39504063.01,32346181.04,28178.72
Morro Redondo,4312450,morro-redondense,RUI VALDIR OTTO BRIZOLARA,244.645,6046,24.71,6169,98.5,0.702,-,38205818.12,34170496.00,20039.8
Morro Reuter,4312476,morroreutense,AIRTON BOHN,87.037,6029,67.43,6163,96.7,0.743,12.5,51715374.62,44810703.16,41729.98
Mostardas,4312500,mostardense,GILNEI JOSé NAZARETH DE SOUZA,1977.442,12090,6.11,12346,96.6,0.664,7.81,88902209.15,77080413.35,49916.42
Muçum,4312609,muçunense,MATEUS GIOVANONI TROJAN,111.247,4601,41.36,4694,97.2,0.746,-,47704179.97,39694737.63,60771.23
Muitos Capões,4312617,caponense,LUCIANO DEBONA,1193.230,2879,2.41,2938,92.8,0.702,-,55819695.17,42797646.27,352413.31
Muliterno,4312625,muliternense,CLEUCIR VIDI,110.969,1721,15.49,1755,95.2,0.689,37.04,28383796.10,21375425.27,48389.03
Não-Me-Toque,4312658,não-me-toquense,GILSON DOS SANTOS,361.689,17898,49.48,18314,98.9,0.765,4.83,150315399.49,145838420.90,123422.26
Nicolau Vergueiro,4312674,nicolau-vergueirense,MARCELO FELINI,154.995,1932,12.46,1979,97.4,0.753,-,30703397.25,25421139.26,87733.01
Nonoai,4312708,nonoaiense,ADRIANE PERIN DE OLIVEIRA,468.962,13719,29.25,14056,96.2,0.702,30.93,83939533.02,75263648.93,45403.84
Nova Alvorada,4312757,nova-alvoradense,EDILSON ANTONIO ROMANINI,148.861,3163,21.25,3229,96.7,0.740,-,45021426.13,36222552.03,63973.55
Nova Araçá,4312807,araçaense,HENRIQUE OCCHI PERETTI,75.514,4954,65.60,5086,100,0.785,20,50138236.26,39560488.28,66917.24
Nova Bassano,4312906,bassanense,JOãO PAULO MAROSO,211.611,9649,45.60,9877,98.6,0.747,12.66,75998079.91,64379399.08,79512.9
Nova Boa Vista,4312955,boa-vistense,CLEBER BADIN,93.733,2042,21.79,2088,98.5,0.768,55.56,37555339.56,30813151.45,83964.24
Nova Bréscia,4313003,bresciense,ANGELO ANTONIO BARBIERI,102.994,3044,29.56,3105,99.5,0.778,-,41570799.66,36784646.79,42195.23
Nova Candelária,4313011,nova-candelariense,ARI EDMUNDO ROEHRS,97.579,3061,31.37,3134,97.9,0.759,-,43974048.63,33886763.31,85704.31
Nova Esperança do Sul,4313037,nova-esperancense,IVORI ANTONIO GUASSO JUNIOR,191.772,4865,25.47,4974,100,0.735,20,43077545.32,34580869.74,31539.73
Nova Hartz,4313060,nova-hartense,NERI CARLOS BUENO CHICATTO,62.088,20088,322.34,20539,95.6,0.689,7.78,110320015.38,99840245.27,36379.38
Nova Pádua,4313086,paduense,ITAMAR BERNARDI,102.643,2343,22.83,2390,100,0.761,52.63,34613037.73,28470516.24,39098.98
Nova Palma,4313102,nova-palmense,JUCEMARA ROSSATO,314.613,5586,17.76,5683,97.9,0.744,20.83,47311666.39,36271400.65,58703.35
Nova Petrópolis,4313201,nova-petropolitano,DANIEL CARLOS MICHAELSEN,290.164,23300,80.30,23889,98.8,0.780,8.16,146244813.50,140347046.90,44789.05
Nova Prata,4313300,nova-pratense,UMBERTO LUIZ CARNEVALLI,259.941,25692,98.84,26587,99.3,0.766,10.27,160548390.50,174288186.20,61740.72
Nova Ramada,4313334,nova-ramadense,ALZEVIR LOTARIO DE MARCHI,255.264,2163,8.47,2201,98.6,0.742,-,37004827.17,30697391.76,138805.04
Nova Roma do Sul,4313359,nova-romense,ROBERTO PANAZZOLO,149.767,3466,23.14,3543,98.2,0.741,-,48314590.68,39211326.87,45232.13
Nova Santa Rita,4313375,nova-santaritense,RODRIGO AMADEO BATTISTELLA,218.094,29024,133.04,30121,97.5,0.718,7.85,239216447.72,266211833.50,81606.01
Novo Cabrais,4313391,cabraisense,LEODEGAR RODRIGUES,192.998,3568,18.49,3636,98.8,0.688,-,36199354.05,29615376.77,31363.74
Novo Hamburgo,4313409,novo-hamburguense,GUSTAVO DIOGO FINCK,222.548,227646,1022.96,235879,97,0.747,11.72,1407280940.44,1486739714.00,40589.43
Novo Machado,4313425,novo-machadense,VALDECI NATALINO DALLENOGARE,218.836,3198,14.61,3246,97.6,0.663,-,38848972.40,29234733.93,58399.67
Novo Tiradentes,4313441,tiradentense,LUIZ CARLOS BENEDETTE,75.428,2146,28.45,2188,98.8,0.676,-,36480051.21,28107595.90,34137.89
Novo Xingu,4313466,xinguense,GELCIO MARTINELLI,79.851,1646,20.61,1678,99.5,0.767,-,27394142.34,24407984.71,44007.49
Novo Barreiro,4313490,novo-barreirense,MARCIA RAQUEL RODRIGUES PRESOTTO,123.344,4272,34.63,4371,99.2,0.706,-,41184672.93,32901932.85,32305.57
Osório,4313508,osoriense,ROMILDO BOLZAN JúNIOR,663.878,47396,71.39,48929,97.1,0.751,7.26,361858213.97,320369912.30,38855.58
Paim Filho,4313607,paim-filhense,GENES JACINTO MOTERLE RIBEIRO,181.998,3629,19.93,3691,98.7,0.706,-,35821185.57,29404767.97,44932.84
Palmares do Sul,4313656,palmarense,REGIS BAUERMANN,949.201,12844,13.53,13170,95.6,0.715,-,89706935.59,77471066.74,64856.58
Palmeira das Missões,4313706,palmeirense,EVANDRO LUIS MASSING,1421.101,33216,23.37,34233,98.3,0.737,4.72,243952782.51,190421689.60,67189.91
Palmitinho,4313805,palmitense,BENHUR DAILOR BARTH,144.181,7839,54.37,8032,98.7,0.720,-,53041676.66,44871186.26,38497.82
Panambi,4313904,panambiense,GUSTAVO CAVALHEIRO,491.570,43515,88.52,45042,99.1,0.761,10.08,303995021.10,244836206.90,71052.72
Pantano Grande,4313953,pantanense,ALCIDES EMILIO PAGANOTTO,841.225,10212,12.14,10438,98.4,0.661,8.26,77993273.68,70485898.48,59331.51
Paraí,4314001,paraiense,GILBERTO ZANOTTO,121.745,7194,59.09,7357,96,0.773,38.96,65338738.48,55767630.49,54464.94
Paraíso do Sul,4314027,paraisense,CLAITON CLEO MULLER,337.534,6519,19.31,6635,99.2,0.676,19.23,47719557.18,40196617.30,27162.33
Pareci Novo,4314035,pareciense,LORENI CRISTINA REINHEIMER,57.485,4319,75.13,4433,97.7,0.749,-,21806641.93,41299366.84,35118.04
Parobé,4314050,parobeense,GILBERTO MIGUEL GOMES JUNIOR,108.560,52058,478.88,53555,96.6,0.704,14.57,253894988.80,227633844.30,23398.44
Passa Sete,4314068,passasetense,MAURICIO AFONSO RUOSO,304.299,3983,13.09,4036,98.6,0.622,-,39636310.20,33980232.56,22967.57
Passo do Sobrado,4314076,passo-sobradense,EDGAR THIESEN,265.133,6025,22.72,6154,98.5,0.698,16.39,45418484.60,39237792.37,34730.74
Passo Fundo,4314100,passo-fundense,PEDRO CéZAR DE ALMEIDA NETO,784.406,206215,262.89,214564,97.3,0.776,11.65,1109877947.42,973815030.60,60905.63
Paulo Bento,4314134,paulobentense,EVANDRO BARATTO,149.669,2144,14.32,2188,99.2,0.710,-,31358026.79,27164761.95,85049.56
Paverama,4314159,paveramense,MICHELE CAROLINE DE VARGAS,171.863,7978,46.42,8146,98.8,0.683,12.5,49069758.70,43739205.63,28387.36
Pedras Altas,4314175,pedras altense,VIVIANE MARIA AVILA DE ALBUQUERQUE,1373.985,2061,1.50,2100,94.1,0.640,33.33,45152403.91,38350261.06,200305.43
Pedro Osório,4314209,pedro-osoriense,RICARDO DUARTE ALVES,603.757,7484,12.40,7634,95.8,0.678,14.49,42797832.28,39561502.36,35227.12
Pejuçara,4314308,pejuçarense,FLAVIANA BRANDEMBURG BASSO,414.106,3745,9.04,3819,100,0.741,-,51808374.64,44506668.00,120888.24
Pelotas,4314407,pelotense,FERNANDO STEPHAN MARRONI,1608.780,325685,202.44,336131,96.9,0.739,9.96,1613164075.04,1682180267.00,31347.6
Picada Café,4314423,picadense,DANIEL RUCKERT,84.280,5351,63.49,5470,99.3,0.758,-,45392135.63,41463109.37,66860.05
Pinhal,4314456,pinhalense,LUIZ CARLOS PINTO RIBEIRO,68.222,2959,43.37,3034,98.4,0.720,21.28,47708827.03,38718002.56,47787.94
Pinhal da Serra,4314464,pinhalense,JOSé ROBISON RODRIGUES DUARTE,438.110,2248,5.13,2299,95.7,0.650,-,40226417.54,36476032.93,160718.98
Pinhal Grande,4314472,pinhal-grandense,LUCAS MICHELON,478.110,3805,7.96,3867,97.6,0.678,-,52229630.91,42288410.02,216252.56
Pinheirinho do Vale,4314498,pinheirinhense,ELTON TATTO,105.385,4540,43.08,4637,97.3,0.710,-,37504453.57,32645771.88,26704.69
Pinheiro Machado,4314506,pinheirense,RONALDO COSTA MADRUGA,2249.176,11214,4.99,11409,97.1,0.661,9.8,81880258.83,81484243.20,32810.02
Pinto Bandeira,4314548,pinto bandeirense,ADILSO ANTONIO SALINI,104.801,2723,25.98,2784,-,-,-,3413153.97,26840957.58,24212.76
Pirapó,4314555,pirapoense,LAURI LUIZ SCHEEREN,281.794,2260,7.69,2260,97.9,0.669,-,31307879.04,27795367.91,42934.46
Piratini,4314605,piratinense,MARCIO MANETTI PORTO,3538.300,17504,4.95,17792,97.2,0.658,7.41,103494494.80,105064384.80,42437.1
Planalto,4314704,planaltense,CRISTIANO GNOATTO,228.552,10406,45.53,10624,97.2,0.687,6.8,55789507.24,48199390.85,25359.66
Poço das Antas,4314753,poçoantense,GLICERIO IVO JUNGES,67.618,2171,32.11,2222,99.1,0.744,45.45,32681885.41,24028715.96,62592.03
Pontão,4314779,pontanense,LUIS FERNANDO PEREIRA DA SILVA,502.709,3296,6.56,3350,96.8,0.725,-,45543680.53,41723573.89,103467.34
Ponte Preta,4314787,ponte-pretense,JOSIEL FERNANDO GRISELI,99.504,1575,15.83,1604,100,0.725,-,26596863.81,22867392.48,63989.35
Portão,4314803,portanense,DELMAR HOFF,159.298,34071,213.88,35237,96.2,0.713,9.64,215157631.19,185738645.80,43654.26
Porto Alegre,4314902,porto-alegrense,SEBASTIãO DE ARAúJO MELO,495.977,1332845,2690.50,1389322,96.6,0.805,7.75,9787322843.49,10845783037.00,54647.38
Porto Lucena,4315008,porto-lucenense,IURY SOMMER ZABOLOTSKY,250.876,4360,17.38,4424,97.5,0.693,-,38351340.22,33328205.04,30053.37
Porto Mauá,4315057,porto-mauense,CARLOS CESAR DINON,105.811,2142,20.24,2176,100,0.698,-,34458060.62,25673417.80,38314.42
Porto Vera Cruz,4315073,porto-vera-cruzense,JAIME DOMINGOS TAFFAREL,114.284,1560,13.65,1585,100,0.690,-,29825891.20,27921527.57,35939.08
Porto Xavier,4315107,porto-xavierense,GILBERTO DOMINGOS MENIN,281.497,9938,35.30,10132,99.5,0.723,-,69044993.82,62667837.63,20793.08
Pouso Novo,4315131,pouso-novense,CARLOS ALBERTO BONACINA,105.338,1739,16.51,1773,96.6,0.715,-,29084773.19,28450306.29,38725.99
Presidente Lucena,4315149,lucinense,LUIZ JOSé SPANIOL,49.628,3077,62.00,3159,98.6,0.757,21.74,40737462.11,35221732.08,71942.18
Progresso,4315156,progressense,PAULO GILBERTO SCHMITT,256.039,5340,20.86,5430,99,0.683,-,41526706.04,33258820.18,26706.68
Protásio Alves,4315172,protásio-alvense,ITAMAR ANTôNIO GIRARDI,171.994,2025,11.77,2069,98.1,0.733,-,30540589.28,23902736.04,48347.62
Putinga,4315206,putinguense,JULIANO MORETTO,216.159,3747,17.33,3814,97.9,0.715,-,36682230.39,31443995.87,34561.44
Quaraí,4315305,quaraiense,JEFERSON DA SILVA PIRES,3139.995,23500,7.48,23988,99.4,0.704,23.72,111831382.28,99073535.08,27772.79
Quatro Irmãos,4315313,quatroirmanense,JOãO PAULO BALBINOT,268.971,1552,5.77,1579,99.6,0.689,-,30056874.95,26964061.52,99979.63
Quevedos,4315321,quevedense,TAíS FABIANE DA MAIA FLORES ROSA,543.359,2507,4.61,2555,96.4,0.665,-,37167706.39,31594887.04,107161.62
Quinze de Novembro,4315354,quinze-novembrense,MARCOS LUIS PETRI,223.072,3910,17.53,4000,100,0.756,47.62,45578253.13,38991331.14,66960.55
Redentora,4315404,redentorense,MALBERK ANTOINE KUNST DULLIUS,303.705,9738,32.06,9934,93.5,0.631,10.58,59590760.10,46999262.03,19767.66
Relvado,4315453,relvadense,CARLOS LUIZ FRAPORTI,108.188,1796,16.60,1828,98.2,0.731,71.43,28873430.42,22743592.07,39983.85
Restinga Sêca,4315503,restinguense,NORTON SOARES DA ROSA,968.620,14939,15.42,15213,97.6,0.683,14.08,100118351.70,87841465.31,42887.51
Rio dos índios,4315552,riodinhense,FLAVIO GOLIN,235.854,2835,12.02,2874,95.1,0.656,50,40205030.43,33655677.86,53086.08
Rio Grande,4315602,rio-grandino,DARLENE TORRADA PEREIRA,2682.867,191900,71.53,198958,97.7,0.744,12.99,1127606615.96,1018943998.00,62392.39
Rio Pardo,4315701,rio-pardense,ROGERIO LUIZ MONTEIRO,2051.112,34654,16.90,35666,96.1,0.693,2.94,174606230.28,154827988.80,36346.75
Riozinho,4315750,riozinhense,AIRTON TREVIZANI DA ROSA,239.090,4473,18.71,4572,96.5,0.661,-,37116919.21,32265473.94,33173.28
Roca Sales,4315800,roca-salense,JONES WUNSCH,208.108,10418,50.06,10644,98.7,0.729,20,81715788.81,64779351.30,49851.25
Rodeio Bonito,4315909,rodeiense,PAULO DUARTE,83.278,6654,79.90,6821,99.3,0.732,-,52746758.64,44328847.11,47593.36
Rolador,4315958,roladorense,JOãO ALBERTO AQUINO GOMES,295.201,2291,7.76,2332,98.5,0.689,-,34749997.40,28950844.92,71327.05
Rolante,4316006,rolantense,ALCEU TREVIZANI DA ROSA,296.090,21253,71.78,21733,96.9,0.688,7.55,128746936.04,112640513.70,33884.81
Ronda Alta,4316105,ronda-altense,MARCOS MIGUEL BEUX,418.675,9777,23.35,9972,94.6,0.724,9.9,73598767.14,59652167.47,44347.96
Rondinha,4316204,rondinhense,EZEQUIEL PASQUETTI,252.454,4991,19.77,5083,99.1,0.764,-,45549601.76,36258803.56,53421.99
Roque Gonzales,4316303,roque-gonzalense,FERNANDO MATTES MACHRY,349.084,6576,18.84,6698,97.8,0.688,-,52364884.69,49704842.71,64744.41
Rosário do Sul,4316402,rosariense,MARCOS PAULO SILVA DA LUZ,4343.656,36630,8.43,37700,96.5,0.699,12.05,174424246.29,173326698.20,35245.33
Sagrada Família,4316428,sagradense,MAURO ROGERIO FERRARI GALATTO,77.889,2480,31.84,2529,98.6,0.678,-,36861066.76,27596255.49,31762.83
Saldanha Marinho,4316436,saldanhense,VOLMAR TELLES DO AMARAL,221.554,2575,11.62,2621,100,0.762,-,41934234.29,36920556.41,97938.15
Salto do Jacuí,4316451,salto-jacuiense,RONALDO OLIMPIO PEREIRA DE MORAES,507.698,10203,20.10,10373,96.3,0.687,-,86438995.70,78127153.52,96983.27
Salvador das Missões,4316477,salvadorense,VILSON JOSé SCHONS,95.952,2877,30.51,2953,100,0.753,-,39251171.56,36032859.73,65277.41
Salvador do Sul,4316501,salvadorense,JOSé LAERCE MORALES CEZAR,99.026,6879,69.38,7182,98.8,0.740,12.99,60373110.18,49927490.50,42339.98
Sananduva,4316600,sananduvense,CLAITON EDU MONTEIRO DE AGUIAR,504.499,16399,32.51,16759,98.4,0.747,-,101982470.29,90677038.79,51509.18
Santa Bárbara do Sul,4316709,santa-barbarense,LEANDRO CARAFFINI VENERAL,975.799,8122,8.32,8275,99.5,0.725,11.36,86242320.77,77834529.41,171000.57
Santa Cecília do Sul,4316733,ceciliense,LEONARDO PANISSON,200.056,1674,8.37,1710,99.1,0.725,35.71,31308022.09,27587713.67,88269.41
Santa Clara do Sul,4316758,santa-clarense,MARCIO LUIZ HAAS,86.491,6887,79.67,7067,98.7,0.740,17.24,47788194.01,42332756.69,50200.65
Santa Cruz do Sul,4316808,santa-cruzense,SERGIO IVAN MORAES,734.516,133230,181.54,138104,98.3,0.773,10.99,869276685.27,795099973.70,74205
Santa Maria,4316907,santa-mariense,RODRIGO DECIMO,1780.194,271735,152.64,282244,98.1,0.784,10.36,1174042470.21,1237029894.00,33532.26
Santa Maria do Herval,4316956,hervalense,GILNEI CAPELETTI,140.437,6340,45.14,6482,88.1,0.676,40.82,48720783.00,41748751.82,43780.58
Santa Margarida do Sul,4316972,margaridense,LUIZ FELIPE BRENNER MACHADO,955.299,2596,2.72,2658,99,0.663,-,36242748.71,28090862.88,139226.56
Santana da Boa Vista,4317004,santanense-da-boa-vista,GARLENO ALVES DA SILVA,1418.805,7024,4.95,7140,98.5,0.633,-,56093992.17,43331440.95,45402.39
Sant'Ana do Livramento,4317103,santanense,ANA LUIZA MOURA TAROUCO,6946.407,84421,12.15,87296,97.6,0.727,11.2,428560392.90,442415771.30,37330.14
Santa Rosa,4317202,santa-rosense,ANDERSON MANTEI,489.380,76963,157.27,79395,98.6,0.769,11.17,589726461.80,543179937.30,50513.48
Santa Tereza,4317251,santa-terezense,GISELE CAUMO,73.669,1505,20.43,1531,98.6,0.746,-,28929749.02,22928003.27,28949.13
Santa Vitória do Palmar,4317301,vitoriense,ANDRé SELAYARAN NICOLETTI,5206.977,30983,5.95,31961,98.5,0.712,6.9,226373954.36,208838074.50,59922.92
Santiago,4317400,santiaguense,MARCELO GORSKI DE MATOS,2413.419,48938,20.27,50331,98.9,0.766,11.28,262684022.78,239947133.80,41004.58
Santo ângelo,4317509,santo-angelense ou angelopolitano,NIVIO BOELTER BRAZ,678.502,76917,113.22,79130,99,0.772,6.42,384674248.42,366428741.40,41012.36
Santo Antônio do Palma,4317558,palmense,GILBERTO SZIMAINSKI,126.094,2091,16.58,2134,99.2,0.764,-,37096120.31,28710616.46,56561.14
Santo Antônio da Patrulha,4317608,patrulhense,RODRIGO GOMES MASSULO,1049.583,42947,40.92,44393,96.9,0.717,9.95,227215874.58,205943579.40,38723.81
Santo Antônio das Missões,4317707,santo-antoniense,FELISBERTO DOS SANTOS FERREIRA,1710.466,10300,6.02,10493,97.3,0.686,-,77274805.53,81329991.78,67869.46
Santo Antônio do Planalto,4317756,santo-antoniense,VILSON ALTMANN,203.440,2089,10.27,2136,99.2,0.759,-,35538191.13,27194588.68,93889.23
Santo Augusto,4317806,santo-augustense,LILIAN FONTOURA DEPIERE,467.775,13902,29.72,14196,97.7,0.739,17.44,107264238.57,88489399.81,61423.02
Santo Cristo,4317905,santo-cristense,CHARLES THIELE,367.202,15320,41.72,15656,99.8,0.738,6.49,99838740.11,92224167.08,55305.62
Santo Expedito do Sul,4317954,expeditense,VANTUIR DUTRA,125.334,2349,18.70,2395,98.9,0.732,-,27430221.73,24231532.34,56384.95
São Borja,4318002,são borjense,JOSé LUIZ RODRIGUES MACHADO,3616.674,59676,16.50,61323,97.5,0.736,7.55,354968681.13,329450953.20,43012.23
São Domingos do Sul,4318051,são-dominguense,JONAS TIBOLA,78.670,2754,35.01,2808,99.1,0.763,-,30820894.26,26461356.70,39933.74
São Francisco de Assis,4318101,assisense,RUBEMAR PAULINHO SALBEGO,2534.789,17618,7.03,17949,98,0.675,7.14,111739166.05,100758933.10,44473.17
São Francisco de Paula,4318200,serrano,THIAGO CARNIEL TEIXEIRA,3317.794,21893,6.60,22373,96.8,0.685,3.83,154541387.15,132416529.70,46934.89
São Gabriel,4318309,gabrielense,LUCAS GONçALVES MENEZES,5053.460,58487,11.57,60102,96.9,0.699,12.89,289827561.64,284764762.00,43790.22
São Jerônimo,4318408,jeronimense,JúLIO CESAR PRATES CUNHA,935.596,21028,22.48,21421,96,0.696,8.47,113280085.40,92219803.99,27148.45
São João da Urtiga,4318424,urtiguense,CEZAR OLIMPIO ZANDONA,171.504,4461,26.08,4549,98.7,0.694,-,42113271.67,35760712.39,39815.86
São João do Polêsine,4318432,polesinense,JAQUELINE MARIA SCHMITZ MILANESI,78.320,2649,33.82,2707,99,0.748,38.46,32192276.53,27419462.97,41347.83
São Jorge,4318440,são-jorgense,DANILO SALVALAGGIO,125.731,2912,23.18,2976,98.4,0.732,-,34321743.59,30349086.62,47482.38
São José das Missões,4318457,são-josezense,GILMAR WEBER TOLFO,98.125,2362,24.07,2403,99,0.651,-,31343159.11,26519243.64,37475
São José do Herval,4318465,hervalense,JOVANI BOZETTI,102.912,1902,18.48,1934,95.3,0.717,43.48,32055911.15,26420152.06,30835.69
São José do Hortêncio,4318481,hortenciense,ESTER ELISA DILL KOCH,63.709,4447,69.80,4551,99.5,0.707,34.48,41952382.19,35879953.16,23936.9
São José do Inhacorá,4318499,inhacoraense,ADEMIR JOSé SCHNEIDER,77.732,2406,30.95,2463,99.5,0.747,-,36624227.11,28595562.03,90094.6
São José do Norte,4318507,nortense,NEROMAR DE ARAUJO GUIMARãES,1072.338,25443,23.74,26245,96.6,0.623,11.19,137098249.30,128218504.60,28446.79
São José do Ouro,4318606,ourense,VILMAR DE BIASI,335.215,6834,20.38,6978,100,0.755,41.1,45703727.17,40718486.49,66997.04
São José do Sul,4318614,são josense do sul,JULIANE MARIA BENDER,54.764,2380,43.46,2440,96.7,0.725,-,34407529.51,30582865.06,38156.8
São José dos Ausentes,4318622,ausentino,JOSé CARLOS PEREIRA BECKER,1173.907,4172,3.55,4286,98.5,0.663,40,55984199.43,54201375.03,43728.9
São Leopoldo,4318705,leopoldense,HELIOMAR ATHAYDES FRANCO,103.009,217409,2110.58,225669,96.8,0.739,13.6,1333459338.58,1286886450.00,45159.57
São Lourenço do Sul,4318804,lourenciano,ZELMUTE OLIVEIRA PERES MARTEN,2039.257,41989,20.62,43283,97.6,0.687,13.62,229787695.53,205672446.80,39103.99
São Luiz Gonzaga,4318903,são-luizense,JOSé ANTôNIO FLACH WERLE,1296.773,34752,26.82,35858,98.8,0.741,23.97,184059820.86,171963193.80,57474.25
São Marcos,4319000,são-marquense,VOLMIR NAZARENO RECH,256.159,21084,82.31,21537,98.4,0.768,-,151017314.72,120579602.00,52647.06
São Martinho,4319109,são-martinhense,JEANCARLO HUNHOFF,171.245,5481,32.01,5589,99.1,0.726,-,52698310.42,45399526.40,66347.14
São Martinho da Serra,4319125,martinhense,ROBSON FLORES DA TRINDADE,669.547,2860,4.27,2911,99.8,0.652,-,35527896.70,32855776.99,104119.72
São Miguel das Missões,4319158,miguelino,LUIZ RODRIGO RIBAS,1228.910,7056,5.74,7196,97.2,0.667,-,78935548.32,66852980.34,112835.1
São Nicolau,4319208,são-nicolauense,RAFAEL GODOIS DA SILVA,497.446,5118,10.54,5248,96.8,0.645,-,47287772.74,44239536.74,44254.79
São Paulo das Missões,4319307,paulista-das-missões,OBERDAN LUIS RHODEN,222.504,5846,26.10,5948,98.5,0.692,16.13,46010401.60,45643483.62,35470
São Pedro da Serra,4319356,são-pedrense,LUIZ AUGUSTO HARTMANN,37.631,3548,100.78,3614,98.3,0.739,25,40424756.56,31914309.69,29174.82
São Pedro das Missões,4319364,são pedrense,RAFAEL FUMAGALLI E SILVA,79.894,1757,21.99,1791,99,0.664,-,27368619.57,22825182.52,56383.85
São Pedro do Butiá,4319372,são-butiaiense,NARCISO LUIS LENZ,107.394,3070,28.54,3139,100,0.763,-,41873741.06,36114825.63,54801.17
São Pedro do Sul,4319406,são-pedrense,FERNANDO PILAR CEZAR,873.394,15577,17.84,15870,97.2,0.709,-,92655357.18,93782572.01,33059.31
São Sebastião do Caí,4319505,caiense,JOãO MARCOS DUARTE GUARá,113.097,24428,213.73,24883,99.2,0.739,7.27,155342507.23,137681339.50,34381.59
São Sepé,4319604,sepense,MARCELO FARIA ELLWANGER,2204.779,21219,9.62,21575,97.3,0.708,4.39,152327874.54,135991816.60,56671.05
São Valentim,4319703,valentinense,ALBERTINHO DASSOLER,154.450,3264,21.13,3324,99.1,0.720,31.25,34129730.50,29670580.18,42093.07
São Valentim do Sul,4319711,são-valentinense,MOISES CAVANUS,91.898,2207,24.02,2255,98,0.764,-,31482889.20,22116525.35,42515.69
São Valério do Sul,4319737,são-valerense,CLOVIS TABORDA PADILHA,107.402,2543,23.68,2594,94.3,0.642,54.05,32597832.92,25635091.67,33099.83
São Vendelino,4319752,são-vendelinense,REGIS PAULO FRITZEN,31.899,2251,70.49,2306,100,0.754,-,40479101.54,32103815.68,41847.5
São Vicente do Sul,4319802,vicentino,FERNANDO DA ROSA PAHIM,1174.225,8097,6.89,8259,98.2,0.685,-,63776528.12,58000608.28,83568.15
Sapiranga,4319901,sapiranguense,CARINA PATRíCIA NATH CORREA,137.759,75648,554.31,77898,97.6,0.711,13.08,417659121.88,359767585.70,44906.27
Sapucaia do Sul,4320008,sapucaiense,VOLMIR RODRIGUES,58.247,132107,2268.05,136542,97.4,0.726,6.28,705480063.79,553518663.30,29500.52
Sarandi,4320107,sarandiense,PABLO LUIZ ALIEVI MARI,351.718,22851,64.97,23356,98.2,0.777,18.25,151886740.14,131102377.30,51915.53
Seberi,4320206,seberiense,ADILSON ADAM BALESTRIN,301.032,11950,39.72,12313,98.1,0.723,5.21,89590825.99,74421208.59,57805.09
Sede Nova,4320230,sede-novense,PEDRO AMAURI WERNER,119.312,2704,22.66,2753,99,0.712,-,41381616.86,31118469.99,54794.43
Segredo,4320263,segredense,CLAUDIO ANTONIO TREVISAN,245.170,6009,24.51,6107,98.5,0.659,15.15,42784390.77,37086123.67,21846.87
Selbach,4320305,selbaquense,MICHAEL KUHN,176.470,5107,28.94,5220,99.7,0.777,-,48014317.64,39388580.29,73361.94
Senador Salgado Filho,4320321,salgadofilhense,HUGO JONAS NESKE,147.097,2673,18.18,2726,96.9,0.693,38.46,32028724.94,26510611.80,53987.11
Sentinela do Sul,4320354,sentinelense,JULIO CESAR CARVALHO,282.130,5306,18.81,5422,99.5,0.671,-,33450532.78,27551743.06,24182.11
Serafina Corrêa,4320404,serafinense,DANIEL MORANDI,163.310,16961,103.86,17379,97.9,0.760,-,135766655.91,115476682.20,43283.1
Sério,4320453,seriense,SIDINEI MOISES DE FREITAS,105.428,1941,19.78,2093,97,0.652,-,28416581.21,23192891.31,31535.66
Sertão,4320503,sertanense,HOMERO FOCHESATTO,440.631,5541,12.58,5637,97.4,0.751,17.86,48195412.23,43056737.52,102394.85
Sertão Santana,4320552,sertanense,RENATO ADãO BURCHERT,252.013,5863,23.26,5988,97.8,0.689,15.63,44783983.82,35689102.55,47793.25
Sete de Setembro,4320578,setembrense,NELSON PALINSKI,131.660,1830,14.16,1884,99.1,0.683,-,31622683.27,24676949.31,54712.96
Severiano de Almeida,4320602,severianense,JAIR KAMMLER,167.598,3406,20.32,3467,97.7,0.752,-,38166367.81,32717694.05,41422.91
Silveira Martins,4320651,sillveirense,SADI TOLFO,119.285,2028,17.00,2060,99.2,0.742,-,31866106.45,27426511.04,36630
Sinimbu,4320677,sinimbuense,WILSON MOLZ,509.778,8578,16.81,8698,97.2,0.631,14.71,61040959.11,54970432.78,21028.34
Sobradinho,4320701,sobradinhense,LUIZ AFFONSO TREVISAN,128.823,14226,110.43,14512,97.6,0.743,-,82191825.30,76711482.46,29163.04
Soledade,4320800,soledadense,PAULO RICARDO CATTANEO,1215.056,29991,24.68,30936,96.3,0.731,12.72,160380540.47,143156147.60,45230.98
Tabaí,4320859,tabaiense,ANDERSON DE AZEVEDO VARGAS,94.754,4461,47.08,4565,100,0.701,16.39,34937022.55,34436691.21,29502.75
Tapejara,4320909,tapejarense,EVANIR WOLFF,238.082,24557,103.15,25201,98.6,0.760,-,158979243.72,138258047.80,65852.84
Tapera,4321006,taperense,OSVALDO HENRICH FILHO,179.935,10592,58.87,10822,99,0.747,17.86,69869213.58,57780036.98,60580.29
Tapes,4321105,tapense,LUIZ CARLOS COUTINHO GARCEZ,805.452,14695,18.24,14938,97.8,0.695,6.71,102306694.31,89672916.28,34781.51
Taquara,4321204,taquarense,SIRLEI TERESINHA BERNARDES DA SILVEIRA,450.195,53242,117.64,54360,97.1,0.727,14.4,254654596.10,250409140.30,27171.31
Taquari,4321303,taquariense,ANDRE LUIS BARCELLOS BRITO,349.967,25198,72.00,25968,97.2,0.733,10.79,128443391.40,122527298.80,40661.52
Taquaruçu do Sul,4321329,taquaraçusense,LUIZ BLANCO ALVES,76.917,3119,40.55,3190,98.4,0.739,-,35481986.17,32092590.52,61297.18
Tavares,4321352,tavarense,GILMAR FERREIRA DE LEMOS,610.107,5212,8.54,5319,95.3,0.656,48.78,41549058.82,33092822.94,22657.34
Tenente Portela,4321402,portelense,ROSEMAR ANTONIO SALA,337.495,14497,42.95,14811,96.7,0.708,23.04,7095415.55,8972103.93,43273.27
Terra de Areia,4321436,terrareense,OSVALDO DE MATTOS SOBRINHO,142.304,10334,72.62,10569,98.5,0.689,32.52,66167695.79,60702701.61,25729.73
Teutônia,4321451,teutoniense,RENATO AIRTON ALTMANN,175.874,32797,184.47,33963,99.4,0.747,7.59,217248388.63,183674323.40,45981.15
Tio Hugo,4321469,tio-huguense,VALDUZE BACK VOLLMER,113.944,3267,28.67,3352,91.6,0.742,78.95,37969724.47,30463304.69,56784.45
Tiradentes do Sul,4321477,tiradentense,ELTON LUIS PILGER,236.653,5129,21.67,5201,98.8,0.689,-,38940380.33,35405986.68,35473.86
Toropi,4321493,toropiense,VANDIR OESTERREICH,198.316,2554,12.88,2598,98,0.683,100,32703011.72,28460253.99,36808.11
Torres,4321501,torrense,DELCI BEHENCK DIMER,161.630,41751,258.32,43268,98.4,0.762,17.37,313148255.08,272999013.10,35095.54
Tramandaí,4321600,tramandaiense,JUAREZ MARQUES DA SILVA,142.878,54387,380.65,56296,97.5,0.719,14.73,352124550.47,334233638.30,23072.56
Travesseiro,4321626,travesseirense,GILMAR LUIZ SOUTHIER,80.681,2152,26.67,2193,97.5,0.701,-,31268880.00,26263207.69,33499.3
Três Arroios,4321634,três-arroiense,CARLOS FLORENCIO BURILLE,148.601,2591,17.44,2638,100,0.791,-,39551061.06,31852757.43,53891.49
Três Cachoeiras,4321667,três cachoeirense,FABIANA RAUPP VALIM LEFFA,251.483,10962,43.59,11216,97.5,0.718,14.6,68493243.29,61092237.16,27614.79
Três Coroas,4321709,três-coroense,FABIEL CRISTOVãO PORT,168.124,24425,147.78,24420,98.9,0.710,16.13,133906592.82,135058408.70,27813.49
Três de Maio,4321808,três-maiense,MARCOS VINICIUS BENEDETTI CORSO,421.461,24916,59.12,25452,98.8,0.759,13.94,164325001.46,148794245.50,56767.21
Três Forquilhas,4321832,forquilhense,LORACI KLIPPEL MELO GERMANN,217.386,2760,12.70,2814,96,0.662,-,37732861.12,30166815.50,24297.46
Três Palmeiras,4321857,três-palmeirense,SILVANIO ANTONIO DIAS,180.599,4716,26.11,4826,98.4,0.703,16.13,41758607.90,40640621.00,42185.43
Três Passos,4321907,três-passense,ARLEI LUIS TOMAZONI,268.902,25436,94.59,26284,98.9,0.768,6.25,144548864.46,145621968.30,43406.37
Trindade do Sul,4321956,trindadense,ODAIR ADILIO PELICIOLI,268.417,7556,28.15,7766,98.9,0.687,-,57650197.83,48113594.00,60779.96
Triunfo,4322004,triunfense,MARCELO ESSVEIN,817.807,27498,33.63,28414,98.3,0.733,3.45,467395643.13,383455339.20,430464.73
Tucunduva,4322103,tucunduvense,JONAS FERNANDO HAUSCHILD,181.198,5542,30.59,5649,100,0.747,-,48205937.84,41694298.82,46209.93
Tunas,4322152,tunense,PAULO HENRIQUE REUTER,217.302,3681,16.94,3739,98.3,0.657,-,35093736.84,29824512.14,26356.28
Tupanci do Sul,4322186,tupanciense,FERNANDO LUIS FAVRETTO,135.664,1374,10.16,1398,98.7,0.694,-,25318472.22,22072741.88,65464.21
Tupanciretã,4322202,tupanciretanense,GUSTAVO HERTER TERRA,2253.234,20005,8.88,20345,97.9,0.709,4.39,169044241.25,139392265.40,84856.89
Tupandi,4322251,tupandiense,PAULINHO LUDWIG,59.406,5029,84.60,5160,98.8,0.718,13.7,66293109.00,52009433.42,106314.39
Tuparendi,4322301,tuparendiense,JúLIO CéSAR MATTIAZZI,307.710,8363,27.18,8536,99.7,0.728,-,57547968.02,47381265.85,49616.17
Turuçu,4322327,turuçuense,IVAN EDUARDO SCHERDIEN,253.635,3419,13.48,3489,99.3,0.629,35.71,34072984.59,30725149.98,48041.68
Ubiretama,4322343,ubiretamense,RODRIGO DANIEL BLOCH,125.876,1994,15.84,2028,99.3,0.700,-,34254215.43,28559516.17,56727.23
União da Serra,4322350,união-serrense,CLEONIR ANEIMAR TAUFFER,131.154,1170,8.92,1186,98.5,0.733,142.86,29807248.21,23536706.34,84108
Unistalda,4322376,unistaldense,JOSE GILNEI MANARA MANZONI,602.260,1995,3.31,2052,99.5,0.649,-,27612213.20,21549941.21,64642.76
Uruguaiana,4322400,uruguaianense,CARLOS ALBERTO DELGADO DE DAVID,5702.098,117210,20.56,120885,97.6,0.744,14.3,486839059.40,456730641.50,29322.46
Vacaria,4322509,vacariense,ANDRé LUIZ ROKOSKI,2124.492,64197,30.22,66110,97.1,0.721,7.94,374184851.02,351070604.20,48503.58
Vale Verde,4322525,valeverdense,RICARDO FROEMMING,329.727,3150,9.55,3214,99,0.646,38.46,38324329.37,33120557.09,36944.67
Vale do Sol,4322533,vale-solense,JOSé VALTAIR DOS SANTOS,329.389,9897,30.15,10080,98.6,0.624,-,61805267.14,49485166.35,22969.08
Vale Real,4322541,vale-realense,MARCELO ANTONIO BETTEGA,45.085,6058,134.37,6213,98.4,0.737,26.67,48198589.57,41702506.38,32797.33
Vanini,4322558,vaninense,ERENEU JOSE BOGONI,64.905,2004,30.88,2047,99.1,0.757,166.67,30560519.27,23528685.40,44495.54
Venâncio Aires,4322608,venâncio-airense,JARBAS DANIEL DA ROSA,772.701,68763,89.00,70805,97.3,0.712,11.83,445478446.25,387530770.00,51566.6
Vera Cruz,4322707,vera-cruzense,GILSON ADRIANO BECKER,309.994,26710,86.27,27638,99,0.737,14.29,157022699.75,135052217.50,30254.93
Veranópolis,4322806,veranense,CRISTIANO VALDUGA DAL PAI,289.397,24021,83.00,24540,99.3,0.773,20.41,193556348.22,176928698.50,64845.47
Vespasiano Corrêa,4322855,vespasianense,TIAGO MANOEL FERREIRA MICHELON,113.622,1818,16.00,1852,98.9,0.723,-,32563516.00,29454950.70,67251.6
Viadutos,4322905,viadutense,GIOVAN ANDRé SPEROTTO,266.670,4769,17.79,4852,95.6,0.702,-,42156841.01,34634031.83,44204.95
Viamão,4323002,viamonense,RAFAEL BORTOLETTI DALLA NORA,1496.019,224112,149.76,232113,95.9,0.717,12,813886867.98,776855270.00,16846.27
Vicente Dutra,4323101,dutrense,TOMAZ DE AQUINO ROSSATO,193.023,4665,24.17,4747,96.1,0.638,-,37028149.15,29965914.31,27927.91
Victor Graeff,4323200,victorense,LAIRTON ANDRE KOECHE,238.133,2780,11.67,2832,99.2,0.777,-,41857234.34,33367967.76,104179.68
Vila Flores,4323309,vila-florense,EVANDRO ANTôNIO BRANDALISE,107.703,3646,33.85,3736,96.8,0.742,-,18537712.18,39579769.16,87335.42
Vila Lângaro,4323358,vila-langarense,ANILDO COSTELLA,151.673,2079,13.71,2122,99.6,0.705,-,37862078.00,31244702.32,81609.37
Vila Maria,4323408,vila-mariense,ADROALDO SEBEN,181.061,4413,24.37,4512,98.7,0.761,-,51441231.57,36949462.77,89149.59
Vila Nova do Sul,4323457,vilanovense,JOSé LUIZ CAMARGO DE MOURA,508.278,3863,7.60,3935,96.1,0.662,-,41636033.94,34172023.71,45844.94
Vista Alegre,4323507,vista-alegrense,RUDINEI BRIDI,77.656,2660,34.27,2712,97.9,0.739,-,30038938.29,25410389.43,50279.94
Vista Alegre do Prata,4323606,vista-alegrense,ROBERTO DONIN,119.327,1590,13.32,1624,94,0.780,-,28817648.34,22296958.28,54879.53
Vista Gaúcha,4323705,vista-gauchense,CLAUDEMIR JOSE LOCATELLI,90.022,2783,30.91,2842,100,0.757,-,40501038.31,30551977.62,36218.23
Vitória das Missões,4323754,vitoriano,CORNéLIO LUIS GRIMM,258.454,3260,12.62,3318,100,0.655,30.3,39558134.48,32426055.86,52269.64
Westfália,4323770,westfaliano,CESAR JULIANO BLOEMKER,66.875,3098,48.66,3219,98.9,0.752,27.78,44647204.50,36847310.66,86946.36
Xangri-lá,4323804,xangri-laense,CELSO BASSANI BARBOSA,60.756,16463,270.97,16907,97.3,0.735,14.56,277982319.90,288781958.70,42809.21