idade,experiencia,cidade,nivel,bonus,salario
37.0,17,SP,senior,2937.41,60713.24
35.0,4,RJ,junior,2928.7,34505.77
33.0,4,RJ,senior,3251.01,64427.2
44.0,14,SP,junior,3968.55,69963.51
36.0,9,SP,senior,3863.29,48479.38
49.0,9,BH,senior,2536.88,64087.27
55.0,18,BH,junior,1964.94,78299.6
23.0,10,SP,senior,2012.7,61120.66
53.0,4,SP,pleno,2410.56,71416.29
44.0,12,SP,junior,2706.61,55578.45
43.0,8,RJ,pleno,3244.05,59820.36
46.0,2,RJ,junior,2359.23,57953.79
43.0,13,RJ,senior,3224.31,56128.8
43.0,16,SP,senior,3289.63,58522.78
27.0,2,BH,senior,3114.68,43693.18
36.0,11,SP,junior,2097.1,56691.2
58.0,10,RJ,pleno,3374.26,73378.06
,15,RJ,pleno,4665.02,50363.1
29.0,17,SP,junior,3196.72,49338.67
26.0,8,SP,junior,637.54,60612.12
25.0,18,RJ,pleno,3992.7,61111.83
27.0,9,RJ,pleno,2437.8,63774.65
53.0,8,RJ,pleno,4812.57,58862.61
51.0,14,SP,pleno,3093.09,60718.64
56.0,18,RJ,junior,1652.24,56491.15
37.0,12,RJ,junior,1348.24,47242.04
34.0,19,BH,senior,4231.79,59286.08
51.0,14,SP,pleno,3884.72,67245.97
40.0,17,BH,senior,4780.82,65150.55
38.0,3,BH,junior,3008.74,42557.58
40.0,7,RJ,junior,2954.78,62519.25
49.0,17,SP,senior,2693.82,51072.3
47.0,12,RJ,pleno,2473.37,73921.64
58.0,9,SP,pleno,2686.06,63262.7
47.0,15,BH,pleno,3173.97,68962.84
44.0,18,SP,pleno,2324.88,60211.68
30.0,13,RJ,senior,1664.57,59339.45
33.0,8,RJ,senior,3127.9,74958.45
22.0,14,RJ,junior,2307.04,69727.74
22.0,8,SP,pleno,408.45,61178.59
55.0,14,BH,pleno,3442.05,58003.34
53.0,7,BH,pleno,2113.55,42928.25
46.0,12,SP,senior,3529.43,63245.68
22.0,11,RJ,pleno,3510.28,58738.96
37.0,11,BH,senior,3226.87,65539.56
26.0,13,RJ,pleno,4997.45,68578.19
43.0,18,SP,pleno,2889.56,72329.21
50.0,2,RJ,junior,2771.49,63369.93
24.0,15,BH,pleno,3546.94,49536.4
33.0,18,BH,pleno,2955.64,38506.86
47.0,15,RJ,junior,3928.39,51753.0
37.0,19,SP,senior,1984.96,73334.88
58.0,12,RJ,senior,1998.26,78234.91
43.0,13,SP,pleno,3612.65,57620.99
50.0,11,RJ,senior,2068.15,45390.41
35.0,5,BH,pleno,3487.28,53515.86
49.0,1,SP,junior,3296.0,71378.06
26.0,3,SP,junior,2444.41,54089.87
51.0,19,SP,pleno,3293.74,65891.24
26.0,7,BH,junior,2012.33,61685.58
33.0,12,RJ,junior,2200.08,67100.03
37.0,15,BH,pleno,2810.25,78180.11
47.0,5,SP,pleno,3063.14,65897.81
47.0,15,RJ,junior,2757.09,61469.16
42.0,8,BH,senior,3346.49,79283.74
57.0,10,SP,senior,3310.77,63495.52
54.0,16,SP,pleno,4223.49,52070.53
51.0,8,BH,pleno,2923.77,66874.65
58.0,1,BH,senior,3955.65,200000.0
44.0,12,BH,junior,3736.58,56920.98
31.0,5,SP,senior,4835.18,54824.14
26.0,3,BH,senior,2898.19,57017.41
57.0,1,SP,senior,2663.71,54681.11
55.0,4,BH,senior,4006.16,57342.4
52.0,8,SP,pleno,3308.35,51572.03
31.0,3,SP,pleno,4025.33,63861.55
40.0,10,RJ,junior,3573.44,63112.01
53.0,2,BH,junior,1314.59,63452.02
22.0,11,BH,junior,3301.06,59376.31
26.0,10,SP,junior,3248.97,58223.37
25.0,14,SP,senior,3106.49,74420.06
37.0,7,SP,pleno,2894.21,60674.06
45.0,2,RJ,pleno,1726.29,72637.67
37.0,9,RJ,junior,3699.34,50035.84
23.0,16,SP,junior,3299.01,65891.78
49.0,13,BH,senior,3881.57,52652.97
53.0,9,BH,senior,1769.0,54438.48
48.0,4,RJ,junior,3405.71,55880.94
41.0,10,RJ,pleno,2812.27,55254.01
45.0,12,SP,pleno,3115.03,55303.95
33.0,17,BH,pleno,2821.47,72172.75
56.0,14,SP,junior,3434.89,60454.11
54.0,14,RJ,pleno,2869.7,62250.55
54.0,2,BH,senior,2158.47,55428.4
58.0,11,BH,senior,3069.14,68569.39
33.0,16,RJ,junior,2828.66,63550.56
24.0,19,SP,senior,2933.29,56910.71
,6,SP,junior,449.75,44157.16
54.0,19,BH,pleno,3546.11,62162.96
31.0,5,RJ,pleno,2748.27,65756.8
50.0,4,BH,pleno,1921.48,50211.52
34.0,15,RJ,senior,3738.05,57046.05
33.0,4,SP,junior,3509.09,65371.61
52.0,10,RJ,pleno,2738.14,44290.72
23.0,3,SP,junior,2078.26,53511.48
56.0,5,RJ,pleno,3142.42,63769.09
44.0,6,BH,senior,3098.48,71050.18
38.0,8,SP,senior,3739.47,81857.8
47.0,7,BH,junior,2645.01,79586.55
29.0,10,BH,senior,3955.94,61437.69
50.0,6,SP,senior,2567.8,55157.73
47.0,14,SP,junior,1923.33,69231.22
31.0,4,BH,pleno,2094.17,54564.07
47.0,13,BH,senior,2950.07,52379.05
55.0,17,BH,junior,2947.59,56947.34
28.0,7,BH,senior,3262.29,55693.27
25.0,4,SP,senior,2927.7,64126.31
32.0,14,SP,senior,3781.85,53975.98
50.0,3,BH,senior,2791.12,60851.22
57.0,5,RJ,junior,1402.98,75949.53
46.0,16,RJ,junior,2903.12,61221.41
42.0,4,SP,junior,1394.58,75167.42
57.0,2,BH,senior,3217.11,72020.57
31.0,18,BH,senior,3845.75,65920.4
58.0,19,SP,senior,2211.02,56458.47
30.0,19,RJ,junior,4134.85,70405.08
45.0,17,RJ,senior,3674.26,57500.25
56.0,14,RJ,pleno,3965.18,59979.9
56.0,19,SP,senior,3151.65,63301.99
57.0,13,RJ,pleno,2205.79,59946.33
39.0,12,SP,senior,3624.65,52797.32
53.0,6,SP,junior,2500.32,44729.01
45.0,4,BH,senior,3094.31,69591.33
44.0,19,RJ,pleno,2862.92,65703.42
53.0,16,SP,pleno,3899.76,42793.89
58.0,13,RJ,senior,3584.26,52532.13
33.0,4,RJ,pleno,2935.55,61790.65
34.0,17,BH,pleno,1438.71,64425.72
44.0,1,RJ,junior,2491.82,44815.46
46.0,18,BH,senior,3563.38,59107.61
56.0,17,SP,senior,3224.09,65396.55
51.0,15,RJ,senior,1797.42,56484.88
38.0,11,SP,pleno,1554.73,62558.3
41.0,13,RJ,senior,3156.41,55124.48
46.0,1,SP,senior,2154.35,69091.96
43.0,17,RJ,junior,2231.36,52007.14
34.0,6,RJ,junior,3538.09,48579.22
40.0,4,RJ,junior,3961.79,60289.27
57.0,16,RJ,pleno,2399.44,45664.74
33.0,15,RJ,senior,2964.19,38948.89
40.0,15,RJ,junior,2940.6,70837.35
33.0,6,RJ,junior,2868.64,50157.76
30.0,15,RJ,junior,3032.48,46663.48
28.0,14,RJ,senior,3605.2,51882.41
49.0,11,SP,senior,2460.86,51433.49
35.0,7,BH,senior,1779.78,58578.89
52.0,9,RJ,pleno,4352.01,49065.13
40.0,16,BH,pleno,3871.54,64981.86
37.0,5,RJ,junior,2117.09,66462.34
26.0,10,RJ,senior,3108.51,47250.09
56.0,18,SP,junior,3808.56,53819.03
33.0,3,SP,senior,3599.24,54769.43
46.0,13,BH,senior,3369.61,58349.93
42.0,11,SP,senior,2863.82,70826.84
57.0,17,SP,pleno,4381.84,71403.13
44.0,13,BH,pleno,3176.69,84988.67
37.0,6,SP,senior,2588.03,37306.26
35.0,17,RJ,junior,3696.86,50757.04
52.0,13,BH,senior,3076.85,78140.09
26.0,19,BH,senior,3279.84,41993.0
56.0,19,RJ,junior,3162.52,77912.65
44.0,10,SP,senior,3397.42,61473.51
50.0,3,BH,junior,2217.23,61841.33
32.0,14,BH,pleno,1839.11,47202.02
39.0,19,RJ,pleno,4147.31,55488.37
33.0,5,RJ,junior,3199.67,77473.76
30.0,5,SP,pleno,3616.68,59523.17
31.0,17,BH,pleno,1592.19,55555.01
38.0,10,SP,junior,3853.35,64057.19
59.0,5,SP,pleno,2582.81,58077.82
28.0,4,RJ,senior,2355.03,63451.51
34.0,6,BH,senior,2949.3,51502.59
30.0,4,BH,junior,2217.62,59228.47
48.0,7,BH,pleno,2998.61,53589.24
23.0,7,RJ,senior,2890.93,41960.33
26.0,18,RJ,senior,3848.32,64819.58
50.0,3,RJ,pleno,4210.68,47662.27
58.0,1,RJ,pleno,4185.21,58352.59
59.0,4,RJ,senior,1188.39,69260.68
40.0,6,BH,senior,2251.87,45021.87
29.0,9,SP,junior,1180.09,66046.84
22.0,14,BH,junior,2045.17,57001.87
43.0,12,SP,senior,2480.39,50334.77
38.0,4,RJ,junior,3328.45,80229.23
28.0,12,SP,senior,2584.05,59994.44
46.0,10,BH,senior,2606.34,54319.07
25.0,7,BH,junior,3145.41,52197.87
57.0,3,SP,junior,1632.55,68811.62
27.0,14,RJ,pleno,2329.13,53879.44
52.0,10,RJ,pleno,2597.15,67565.18
40.0,16,BH,pleno,2838.08,59975.2
48.0,16,SP,senior,3061.56,71161.88
31.0,10,RJ,junior,4200.52,49574.61
47.0,13,RJ,senior,3726.67,50969.37
40.0,6,BH,junior,2384.55,57189.95
24.0,12,RJ,senior,2790.94,58019.34
34.0,9,SP,pleno,2736.45,56454.43
49.0,13,BH,pleno,2588.68,86314.4
41.0,4,BH,pleno,3218.01,80632.47
49.0,11,SP,senior,1512.18,62990.55
29.0,18,BH,junior,3704.57,64169.72
22.0,11,RJ,junior,4354.84,57635.68
24.0,4,RJ,pleno,2784.13,49501.74
34.0,18,SP,pleno,2768.51,58179.28
49.0,1,RJ,pleno,3125.64,67711.18
46.0,7,SP,pleno,3815.51,73056.27
54.0,6,SP,junior,2740.57,69957.08
59.0,15,RJ,senior,3747.16,44902.26
27.0,18,SP,senior,3390.8,57107.72
53.0,11,RJ,senior,4889.29,45311.32
42.0,15,BH,senior,2737.07,71688.44
37.0,16,BH,pleno,1419.2,55876.16
42.0,7,SP,pleno,1853.65,59528.9
32.0,10,RJ,pleno,3009.54,64800.5
58.0,12,RJ,senior,3822.31,87661.4
57.0,14,BH,pleno,2477.99,62682.75
56.0,5,BH,pleno,2815.25,57617.29
40.0,18,RJ,junior,3547.87,47589.58
41.0,5,SP,junior,2227.81,74586.39
39.0,3,BH,pleno,2510.98,58183.64
35.0,5,SP,junior,2065.82,76571.42
36.0,17,SP,junior,3942.58,71056.13
52.0,19,BH,pleno,4233.34,55370.44
22.0,19,SP,pleno,1736.47,46077.24
24.0,12,SP,pleno,2886.25,62725.69
37.0,9,RJ,pleno,4125.81,53850.96
44.0,1,SP,senior,3318.96,60393.46
32.0,18,RJ,senior,2608.61,70490.5
33.0,4,BH,pleno,1763.07,43464.18
31.0,10,BH,junior,3922.36,62646.14
53.0,7,RJ,pleno,3288.41,67595.96
37.0,1,BH,pleno,1821.61,68081.11
29.0,17,SP,junior,3951.91,46364.58
59.0,2,SP,senior,1719.68,64193.36
33.0,11,SP,pleno,2823.61,72035.37
45.0,9,BH,pleno,2788.31,63432.34
49.0,7,SP,senior,4294.71,58843.06
29.0,17,BH,senior,2791.16,71396.13
49.0,17,SP,junior,2788.29,53056.81
57.0,2,RJ,senior,1909.54,44701.67
47.0,6,BH,senior,2487.68,57994.02
29.0,14,BH,senior,2346.16,65350.45
49.0,6,SP,junior,2387.82,70389.37
49.0,2,BH,senior,3005.03,65305.03
,1,BH,senior,1052.66,68358.21
57.0,10,RJ,junior,1791.82,70453.11
48.0,5,RJ,senior,2911.18,56606.23
38.0,2,SP,senior,3097.0,58520.61
30.0,16,RJ,junior,2813.25,72871.68
54.0,2,SP,pleno,2967.36,47898.43
41.0,10,SP,junior,2672.71,64291.33
34.0,2,SP,senior,2985.2,52832.91
49.0,16,BH,senior,3347.31,71002.62
50.0,16,RJ,senior,3341.71,59820.65
34.0,19,SP,junior,2448.83,60075.94
56.0,7,RJ,senior,3732.08,77288.8
27.0,12,SP,senior,3125.69,49239.57
39.0,15,RJ,junior,3985.77,62158.19
26.0,8,RJ,pleno,4146.3,58198.74
46.0,6,SP,pleno,1845.82,65324.11
23.0,10,BH,senior,2312.78,79293.31
31.0,3,RJ,junior,3650.84,53947.58
51.0,19,BH,senior,1668.09,48026.02
26.0,17,BH,junior,4136.14,51906.73
54.0,7,SP,junior,2724.89,57671.82
22.0,4,SP,pleno,3460.03,60642.31
39.0,14,SP,pleno,2906.89,61145.29
53.0,15,RJ,junior,1886.09,78026.61
32.0,8,SP,senior,3844.44,76248.39
42.0,15,SP,pleno,5200.58,73029.46
47.0,14,RJ,senior,2587.99,85144.39
46.0,9,RJ,pleno,2742.11,68240.98
43.0,8,SP,pleno,880.72,71083.55
48.0,17,SP,senior,4081.2,68047.71
34.0,2,SP,pleno,3729.41,66409.05
54.0,3,SP,pleno,1613.29,63943.97
55.0,8,BH,senior,1348.09,56031.43
56.0,12,BH,pleno,1440.61,47532.22
22.0,1,SP,pleno,3516.14,58693.46
42.0,10,BH,pleno,3595.99,65657.74
27.0,3,RJ,senior,2261.33,60722.62
49.0,6,BH,junior,3399.41,49346.64
38.0,7,BH,senior,3127.1,58341.17
26.0,18,SP,junior,2706.18,57819.97
52.0,11,BH,pleno,3776.16,59376.45
26.0,19,BH,junior,2036.05,64909.15
59.0,5,BH,senior,3918.03,67062.58
24.0,19,BH,senior,2417.18,54999.49
44.0,11,RJ,pleno,4425.23,69811.21
58.0,12,SP,junior,2195.76,71316.38
58.0,10,SP,pleno,2718.74,63203.02
31.0,8,RJ,pleno,3046.87,66647.5
31.0,9,BH,senior,3041.85,69842.31
40.0,4,RJ,junior,3392.66,49023.55
38.0,5,BH,junior,1971.45,70547.31
42.0,8,RJ,junior,2970.15,52099.39
35.0,9,SP,junior,3110.51,53072.98
30.0,15,SP,pleno,2577.81,61962.89
22.0,15,SP,pleno,3323.25,38559.6
34.0,16,BH,senior,1922.9,61756.2
25.0,14,BH,pleno,2738.84,69817.81
22.0,8,RJ,pleno,2397.45,43540.76
53.0,18,RJ,senior,2741.26,70890.09
55.0,10,SP,senior,4157.63,53012.12
,6,BH,senior,4173.16,62068.62
52.0,12,RJ,pleno,4016.33,54464.25
29.0,2,BH,pleno,2630.19,65729.18
47.0,7,BH,senior,3726.09,70249.48
55.0,16,SP,senior,3089.89,66470.1
24.0,3,SP,senior,3036.47,59960.19
33.0,13,BH,pleno,2938.11,55241.45
22.0,3,BH,pleno,4406.73,59306.98
26.0,18,BH,junior,4092.67,66559.71
51.0,11,BH,pleno,3595.92,66902.66
51.0,8,SP,pleno,2863.76,65508.27
38.0,6,RJ,pleno,3031.65,47174.22
44.0,1,SP,senior,3424.45,59769.78
36.0,1,RJ,pleno,2582.71,53665.71
58.0,8,BH,senior,3750.65,66649.29
42.0,5,RJ,junior,2263.0,52350.28
35.0,16,SP,junior,3313.47,64520.54
23.0,11,SP,senior,1168.23,57178.12
32.0,5,BH,senior,2559.51,41209.04
59.0,4,SP,senior,4662.14,69309.59
55.0,6,BH,pleno,3828.95,59747.13
59.0,14,SP,junior,4228.37,72759.77
55.0,19,SP,senior,2466.15,43346.91
39.0,9,BH,pleno,3083.02,57084.79
51.0,12,RJ,junior,4025.59,57835.96
36.0,11,SP,pleno,3506.48,62702.06
48.0,14,RJ,junior,3406.85,46748.13
55.0,16,SP,pleno,4304.47,65440.38
59.0,1,SP,junior,2167.64,79116.62
54.0,13,SP,junior,2852.61,64745.37
45.0,13,SP,pleno,1596.73,60928.72
36.0,2,RJ,senior,2123.92,46225.43
51.0,4,RJ,junior,3859.35,52257.54
38.0,6,SP,senior,2266.12,59441.55
26.0,5,SP,pleno,3588.42,54702.24
50.0,3,RJ,senior,4326.79,70262.56
25.0,1,BH,senior,2857.65,65337.03
31.0,4,BH,senior,3415.89,86923.79
38.0,2,RJ,senior,3594.65,50191.42
31.0,5,SP,senior,2022.8,60331.15
38.0,3,SP,junior,2506.84,46165.08
41.0,9,BH,junior,2197.07,37775.59
45.0,6,BH,junior,2570.62,67227.21
26.0,18,RJ,pleno,3572.89,64966.15
55.0,6,BH,senior,2523.84,51454.1
27.0,19,RJ,junior,2971.88,60930.3
23.0,12,BH,pleno,2166.03,53707.32
34.0,11,BH,junior,3981.14,55057.93
32.0,2,BH,junior,2563.91,56797.15
44.0,15,SP,senior,4218.38,250000.0
37.0,12,SP,pleno,3048.74,52833.5
52.0,12,SP,senior,1874.4,53115.65
32.0,9,BH,senior,2863.18,64228.79
37.0,2,RJ,junior,2149.78,32257.8
29.0,3,RJ,senior,3471.48,57723.71
25.0,12,RJ,pleno,2790.91,49123.18
25.0,16,RJ,senior,3130.57,49484.47
46.0,1,SP,senior,2704.52,54743.47
24.0,3,SP,senior,2555.73,59856.6
53.0,2,BH,junior,2221.1,57855.88
24.0,9,BH,pleno,3668.98,49359.39
48.0,19,RJ,junior,2861.48,67216.97
50.0,15,SP,junior,2748.25,50973.96
53.0,18,RJ,junior,2841.43,52652.94
40.0,11,BH,junior,2456.91,62844.92
42.0,16,BH,junior,2750.92,63203.69
26.0,17,RJ,pleno,3164.5,53883.0
39.0,5,BH,senior,2172.69,30638.38
49.0,12,RJ,junior,2288.52,51145.09
43.0,11,SP,junior,4102.63,61618.88
42.0,15,RJ,pleno,2709.79,66886.08
27.0,3,SP,pleno,2558.75,59207.03
22.0,1,SP,senior,1924.9,55210.14
26.0,16,BH,pleno,3680.54,82932.11
33.0,2,BH,senior,2155.26,56275.14
47.0,2,BH,junior,2987.77,66122.33
55.0,3,RJ,junior,1633.45,46649.48
35.0,8,RJ,senior,3654.54,49098.32
47.0,15,BH,pleno,3941.48,66473.26
48.0,7,RJ,senior,3387.62,70445.61
30.0,6,BH,pleno,1772.42,56102.83
47.0,9,RJ,junior,3671.01,41513.64
43.0,1,SP,pleno,2338.12,58324.43
51.0,8,SP,senior,2063.22,61894.06
38.0,3,BH,senior,2693.23,60988.18
47.0,4,RJ,junior,2677.31,54366.1
57.0,15,RJ,pleno,2595.96,58471.16
22.0,6,SP,pleno,4018.94,52502.23
29.0,15,SP,pleno,4609.46,48881.62
56.0,3,BH,junior,1904.69,67556.69
36.0,14,SP,pleno,2448.93,60977.98
43.0,14,BH,senior,3114.2,58493.16
35.0,4,SP,pleno,2689.03,54928.52
47.0,12,SP,junior,3319.52,58198.26
49.0,17,RJ,pleno,3732.79,61603.16
44.0,7,SP,pleno,3599.49,77286.82
35.0,9,SP,senior,3487.79,66545.37
45.0,3,BH,pleno,4327.28,53336.91
23.0,13,SP,senior,1728.84,53442.36
47.0,15,BH,senior,4184.09,51883.19
35.0,18,SP,junior,2669.61,57994.79
28.0,19,SP,senior,3628.1,51875.49
24.0,1,BH,senior,2176.27,64748.24
44.0,6,RJ,junior,2273.2,33564.84
39.0,2,BH,senior,3529.69,65351.68
59.0,14,BH,junior,1457.02,62753.77
56.0,6,BH,pleno,3791.55,72627.42
36.0,14,RJ,junior,4007.97,68767.9
46.0,4,SP,senior,3142.23,53163.02
58.0,8,BH,junior,3113.41,67642.98
49.0,3,BH,senior,2333.09,58319.33
31.0,19,RJ,pleno,3539.56,40656.93
38.0,14,BH,junior,3278.13,61588.32
43.0,17,SP,pleno,2262.8,53757.47
47.0,8,RJ,senior,2686.82,60002.22
46.0,14,SP,senior,2872.53,76514.5
38.0,6,SP,pleno,2685.76,62247.87
34.0,16,RJ,junior,1909.67,49826.65
41.0,19,BH,junior,3559.22,69644.15
46.0,14,SP,senior,2805.19,63625.43
25.0,19,SP,pleno,3012.29,48648.38
31.0,3,SP,pleno,2537.39,43937.62
24.0,10,SP,junior,3380.22,50226.62
39.0,19,RJ,junior,3158.96,68363.02
57.0,9,RJ,junior,3970.23,56983.98
43.0,13,SP,pleno,3384.48,60811.43
55.0,7,BH,junior,2837.85,46614.7
29.0,14,SP,junior,2408.23,68632.19
40.0,9,BH,senior,3692.76,39848.16
58.0,19,SP,junior,2773.94,53446.22
27.0,15,BH,junior,2862.63,64184.64
47.0,14,SP,pleno,2862.42,48773.69
55.0,6,BH,pleno,2678.71,66141.29
27.0,4,SP,senior,2876.37,51308.06
58.0,8,SP,junior,4540.97,47739.29
54.0,17,BH,senior,2161.74,72864.82
43.0,9,RJ,pleno,2348.4,61539.3
42.0,1,BH,senior,4107.46,65190.36
27.0,14,RJ,pleno,2700.16,70182.1
27.0,11,SP,senior,2639.5,33807.01
25.0,3,BH,senior,3827.89,66347.83
51.0,9,BH,junior,1863.84,52389.75
32.0,14,BH,senior,3657.16,53707.27
51.0,9,RJ,junior,3036.49,64374.41
52.0,4,RJ,junior,3371.84,56369.59
45.0,4,SP,junior,3356.82,65945.21
30.0,8,RJ,junior,2497.61,59591.57
24.0,2,RJ,senior,3840.95,61682.09
52.0,9,SP,pleno,2559.89,55097.78
58.0,14,BH,pleno,3327.08,49350.67
57.0,9,BH,pleno,3990.18,52596.82
45.0,16,SP,senior,4103.12,58971.76
52.0,17,BH,junior,2786.3,78372.38
27.0,16,RJ,pleno,3370.51,74719.06
23.0,12,SP,senior,2712.41,53467.04
41.0,3,SP,junior,5003.04,60602.58
49.0,11,SP,pleno,3624.1,57122.77
32.0,14,BH,junior,3067.25,61302.67
25.0,18,SP,pleno,3250.05,62589.13
36.0,5,SP,pleno,3325.68,65275.15
27.0,16,SP,pleno,3349.39,30988.61
51.0,5,BH,junior,2808.0,63664.99
59.0,3,RJ,senior,2684.54,56010.79
23.0,12,SP,junior,2878.52,52950.62
36.0,1,RJ,pleno,2088.25,67942.57
32.0,9,BH,junior,3574.62,74668.24
29.0,9,BH,senior,2358.64,66890.03
47.0,4,BH,junior,2152.04,54814.48
26.0,3,BH,senior,2988.52,49239.94
27.0,17,RJ,senior,2895.9,29937.56
47.0,2,SP,junior,3199.71,61825.16
25.0,1,BH,pleno,2545.44,65790.16
40.0,8,BH,senior,2685.97,58981.36
41.0,13,RJ,junior,3553.7,69337.46
54.0,15,RJ,senior,3504.97,46798.1
41.0,8,BH,pleno,3471.62,58287.61
33.0,12,SP,junior,3027.17,57496.99
22.0,12,SP,junior,3135.14,58898.91
47.0,14,BH,junior,3184.35,71679.32
35.0,15,RJ,pleno,2475.17,58951.58
59.0,15,BH,senior,4179.24,57052.08
58.0,9,BH,junior,4065.27,50633.07
32.0,19,RJ,senior,3635.4,73285.79
,8,BH,senior,2659.31,45688.04
34.0,19,BH,pleno,3431.32,54470.01
24.0,6,BH,junior,3782.7,76939.37
54.0,19,RJ,senior,2021.44,64682.43
27.0,4,SP,junior,4355.61,59798.23
31.0,7,SP,junior,1608.49,60216.92
26.0,4,RJ,pleno,3563.68,50536.22
44.0,12,SP,junior,4162.63,59314.73
31.0,13,BH,junior,2909.55,56501.34
23.0,3,SP,senior,2879.63,61796.29
34.0,12,BH,pleno,3534.13,44937.59
23.0,2,SP,junior,4481.51,63978.52
41.0,2,RJ,senior,2775.15,70166.3
22.0,9,SP,pleno,2375.24,57961.77
58.0,1,SP,pleno,2660.98,66470.98
30.0,8,SP,senior,1757.99,63103.46
38.0,6,RJ,senior,3718.21,53922.6
30.0,6,SP,senior,2588.73,49414.74
32.0,18,RJ,senior,2833.33,50816.12
36.0,17,BH,senior,3727.7,62928.93
45.0,12,SP,junior,2698.47,59438.55
59.0,6,RJ,junior,3607.27,72750.93
56.0,8,RJ,pleno,2169.53,67908.7
51.0,19,SP,junior,3766.98,67887.85
52.0,10,BH,junior,3273.52,62630.81
26.0,1,RJ,junior,2929.14,50378.01
35.0,13,SP,senior,3104.71,63253.39
32.0,17,BH,pleno,1970.59,60638.53
30.0,3,RJ,pleno,3086.4,48616.19
55.0,8,RJ,pleno,2886.66,72099.49
33.0,14,BH,pleno,1992.45,71022.89
56.0,3,BH,junior,2463.14,48558.51
56.0,16,SP,junior,2896.6,53622.05
22.0,13,SP,senior,2514.17,54500.5
43.0,17,RJ,pleno,1070.31,66098.52
50.0,13,BH,junior,3861.11,64947.25
29.0,6,BH,junior,2886.33,60444.07
32.0,17,BH,senior,1180.84,62738.57
58.0,14,RJ,senior,4707.97,47123.68
35.0,17,BH,senior,3993.11,63813.61
51.0,8,BH,junior,2720.81,58991.15
56.0,11,RJ,junior,2326.0,53209.57
42.0,1,SP,senior,3322.55,44674.94
58.0,7,SP,pleno,3161.86,60269.61
26.0,17,RJ,senior,3433.67,63569.6
40.0,10,BH,senior,2328.3,42975.18
35.0,11,RJ,senior,3878.22,60184.86
47.0,9,SP,senior,2621.23,61222.4
25.0,9,SP,junior,3544.61,54457.7
46.0,5,RJ,pleno,2362.45,63798.38
46.0,17,RJ,senior,5118.52,58673.38
39.0,9,SP,pleno,3556.42,62831.71
29.0,17,RJ,pleno,5307.39,65342.47
35.0,19,SP,pleno,3662.08,65348.07
53.0,7,RJ,senior,2550.83,70168.2
59.0,9,RJ,junior,3663.5,63383.25
54.0,7,RJ,senior,3720.46,55229.59
44.0,13,SP,pleno,3298.66,53522.1
36.0,11,RJ,pleno,3504.31,49366.91
54.0,14,SP,junior,3609.38,61511.8
46.0,19,SP,senior,2205.06,73213.12
38.0,11,RJ,pleno,2148.11,56415.47
54.0,13,RJ,junior,2364.63,64496.08
23.0,14,SP,pleno,3102.03,52477.2
35.0,13,SP,junior,2821.46,61948.05
27.0,1,BH,junior,2219.54,72593.47
27.0,8,SP,senior,3620.25,66862.48
24.0,12,BH,pleno,3226.44,44291.88
28.0,19,BH,senior,3135.14,65706.95
29.0,12,BH,pleno,2793.61,66162.26
36.0,8,RJ,senior,2697.42,61734.87
50.0,8,RJ,pleno,2326.94,66675.22
54.0,13,SP,senior,3746.99,51664.98
51.0,12,BH,junior,2437.21,60632.63
48.0,16,RJ,pleno,3167.51,71101.74
57.0,1,RJ,pleno,4329.61,70199.49
,13,RJ,junior,2734.19,65480.45
,7,RJ,senior,3768.56,51170.05
54.0,5,RJ,pleno,3454.97,49595.36
58.0,8,BH,pleno,3249.17,61145.44
48.0,14,BH,senior,3344.28,61807.74
54.0,13,BH,junior,2924.07,58996.28
25.0,15,BH,senior,3027.82,51952.15
43.0,17,SP,senior,2561.51,64369.61
23.0,15,BH,senior,3033.17,61101.65
31.0,18,RJ,pleno,2531.82,62898.24
26.0,18,BH,junior,3804.52,65934.34
31.0,2,SP,junior,1640.4,57263.5
54.0,4,RJ,senior,3384.84,55112.42
59.0,1,BH,pleno,3269.27,71075.65
34.0,4,BH,senior,3196.81,52426.42
52.0,18,BH,pleno,3819.6,55308.26
57.0,5,RJ,pleno,2771.1,72342.48
45.0,19,RJ,pleno,3204.35,54529.76
36.0,15,SP,pleno,1626.77,59013.82
50.0,8,RJ,junior,2667.75,55880.3
29.0,17,RJ,pleno,3684.59,42167.79
26.0,1,BH,pleno,1928.67,58766.92
50.0,12,RJ,senior,3127.79,49893.78
25.0,19,BH,senior,2457.99,62545.8
33.0,15,BH,junior,2911.21,71056.39
23.0,9,RJ,senior,2505.86,37858.26
48.0,7,SP,pleno,2002.24,55930.83
52.0,2,SP,senior,3308.8,64523.23
57.0,9,RJ,junior,2960.32,38166.51
57.0,10,SP,senior,3490.1,73362.65
47.0,2,BH,senior,3635.55,63798.92
48.0,19,BH,junior,3980.21,70832.13
26.0,11,RJ,junior,3106.79,54360.52
41.0,13,SP,pleno,4014.9,55566.79
32.0,10,SP,senior,2219.38,58390.64
31.0,14,BH,pleno,3727.17,81382.09
59.0,18,RJ,senior,3367.51,73181.05
27.0,19,SP,senior,3186.47,61323.48
29.0,9,RJ,pleno,3355.79,62544.02
44.0,7,SP,senior,2231.41,66349.04
47.0,3,BH,senior,2042.6,83915.55
33.0,6,BH,senior,4367.86,63827.2
47.0,2,RJ,junior,2865.02,60459.59
34.0,6,BH,pleno,2853.61,56614.02
39.0,3,SP,junior,2118.15,62349.15
46.0,16,BH,pleno,1814.58,54129.78
54.0,8,RJ,pleno,2929.34,64960.92
33.0,2,RJ,senior,2726.73,45674.03
,17,RJ,pleno,3001.39,57394.99
25.0,9,SP,junior,3069.72,67346.33
26.0,12,SP,junior,4991.57,63691.24
58.0,3,SP,junior,2729.14,55373.75
29.0,11,SP,pleno,4263.95,57679.75
49.0,1,SP,junior,4313.62,70353.35
52.0,13,BH,pleno,3602.9,47895.98
30.0,15,SP,junior,2811.9,47954.06
50.0,5,SP,junior,1910.82,50703.66
35.0,17,BH,pleno,3382.36,59893.22
43.0,6,SP,junior,3815.05,46432.62
32.0,11,RJ,senior,4398.15,69530.02
44.0,18,SP,pleno,2240.03,50757.08
22.0,4,SP,pleno,2805.18,62243.56
58.0,3,RJ,pleno,2244.91,54209.27
42.0,13,RJ,senior,2493.22,59345.03
47.0,9,RJ,pleno,3531.51,43966.54
57.0,6,RJ,junior,2456.56,70013.16
44.0,12,SP,junior,2340.58,50385.02
22.0,2,RJ,junior,3637.6,49337.83
36.0,3,RJ,pleno,3360.59,83790.09
42.0,3,BH,junior,3280.01,65543.07
30.0,12,RJ,pleno,2477.69,69624.16
30.0,15,RJ,junior,4034.42,64588.91
31.0,9,BH,senior,3011.59,55475.19
47.0,8,BH,senior,4904.15,46931.5
56.0,11,SP,senior,3128.93,57011.8
46.0,16,BH,senior,1133.32,50218.41
47.0,4,SP,pleno,1097.7,50818.85
32.0,1,BH,junior,3499.16,44168.13
59.0,7,BH,senior,4040.4,61144.76
23.0,2,SP,pleno,2372.94,75734.12
28.0,5,BH,senior,4680.78,65581.37
39.0,7,SP,senior,4330.4,58942.1
48.0,4,BH,pleno,3168.44,59594.28
55.0,5,RJ,pleno,3431.56,29522.23
48.0,1,BH,junior,3715.62,55761.65
38.0,1,SP,junior,4512.0,45733.24
45.0,15,BH,senior,3545.71,61344.13
46.0,19,SP,senior,3150.35,57400.24
28.0,10,SP,junior,3537.84,51306.95
27.0,18,RJ,junior,3429.89,61118.97
45.0,3,RJ,pleno,3739.53,61032.79
54.0,11,SP,junior,1743.98,75186.24
50.0,15,BH,junior,3252.68,66864.18
43.0,11,SP,senior,3368.35,62169.73
47.0,17,SP,junior,2941.72,50524.86
49.0,17,BH,senior,3627.33,49265.61
42.0,6,BH,junior,4536.93,65988.48
28.0,5,BH,pleno,3110.57,57999.31
38.0,8,BH,junior,3553.38,62493.66
41.0,2,SP,junior,4285.01,69780.01
41.0,16,SP,junior,3129.25,44868.61
43.0,12,RJ,senior,2289.23,73970.35
49.0,6,SP,pleno,3492.62,69693.82
28.0,1,BH,junior,1238.67,39455.6
22.0,4,RJ,senior,1161.31,83530.92
53.0,17,BH,pleno,3266.41,63213.76
34.0,13,SP,senior,1124.02,55214.62
51.0,18,RJ,senior,1947.87,65190.62
44.0,5,BH,pleno,2695.92,50225.25
40.0,3,RJ,junior,2422.87,65461.28
53.0,11,RJ,senior,2881.75,52065.04
51.0,13,SP,senior,3890.3,80203.6
50.0,4,BH,junior,3190.78,60601.0
50.0,14,RJ,junior,2328.54,66498.23
51.0,11,RJ,pleno,4083.55,52139.35
37.0,10,BH,pleno,1856.91,68164.96
40.0,19,RJ,pleno,3177.51,59874.2
39.0,18,RJ,junior,1767.93,45881.48
22.0,6,RJ,senior,3201.85,57612.37
35.0,15,BH,senior,2745.1,79311.11
23.0,10,BH,pleno,3865.79,68589.77
49.0,5,BH,junior,3576.55,56210.25
51.0,5,BH,senior,2530.29,41308.34
59.0,10,SP,pleno,2376.85,51675.09
25.0,5,RJ,senior,2747.92,45935.26
22.0,3,BH,senior,4500.46,41549.92
29.0,6,RJ,junior,4295.25,67855.91
50.0,4,RJ,junior,2225.39,60623.87
24.0,18,SP,senior,3640.18,77951.08
53.0,9,BH,pleno,1614.85,50023.58
31.0,17,BH,junior,2642.13,59977.19
31.0,13,RJ,senior,2257.95,46058.26
40.0,15,BH,junior,3855.42,54051.27
55.0,17,RJ,junior,1967.43,57778.9
54.0,13,RJ,junior,3343.48,56253.46
44.0,16,SP,senior,3000.57,60535.41
49.0,4,SP,pleno,2859.64,69716.1
53.0,5,SP,pleno,4337.27,68664.18
28.0,5,RJ,pleno,4407.76,52306.65
50.0,9,BH,junior,2884.49,59696.46
29.0,17,SP,senior,2723.27,67940.96
22.0,13,BH,junior,1794.5,70357.37
24.0,2,SP,pleno,2996.59,53388.43
45.0,13,SP,pleno,4562.64,67081.64
44.0,19,RJ,senior,2897.01,63311.47
29.0,3,SP,junior,3583.01,49340.11
58.0,10,SP,pleno,1882.0,68001.58
24.0,2,RJ,senior,2652.18,61515.43
54.0,13,BH,junior,3369.97,42586.09
49.0,19,SP,junior,3084.69,57061.46
29.0,17,RJ,pleno,3659.73,60398.58
55.0,14,SP,pleno,2517.86,53941.76
56.0,12,RJ,junior,1600.01,72282.28
53.0,12,BH,junior,3897.67,72644.68
45.0,11,BH,pleno,2251.08,56175.1
35.0,7,RJ,junior,3405.28,55077.74
53.0,4,RJ,pleno,3360.69,58687.65
37.0,19,RJ,junior,1669.0,57999.19
25.0,1,BH,pleno,3839.3,54074.98
58.0,3,SP,senior,2546.75,22912.03
42.0,13,BH,pleno,3044.04,77548.12
35.0,15,RJ,pleno,2713.45,60004.18
52.0,2,RJ,senior,4298.07,58216.9
39.0,11,BH,junior,4074.79,63251.69
28.0,4,RJ,senior,1550.13,59199.42
31.0,19,BH,pleno,4807.06,55696.84
28.0,17,RJ,junior,2457.35,49943.54
54.0,3,SP,senior,4681.95,41613.87
44.0,18,SP,junior,2795.03,46456.21
42.0,8,RJ,junior,2727.27,48833.26
40.0,19,BH,senior,2802.14,66509.22
40.0,5,SP,junior,2679.37,67246.23
57.0,7,BH,senior,5019.52,51182.01
50.0,8,RJ,pleno,2938.91,33363.46
39.0,5,BH,junior,2758.16,60091.21
23.0,17,SP,pleno,3061.61,55784.58
22.0,5,BH,pleno,2226.13,55537.38
26.0,4,BH,junior,4277.7,69559.37
41.0,19,RJ,senior,1823.14,61386.53
32.0,2,RJ,junior,2508.79,50236.2
23.0,11,RJ,pleno,3749.33,47935.87
24.0,13,SP,pleno,3033.88,57373.89
44.0,15,SP,senior,3439.37,50935.87
33.0,12,RJ,junior,4226.53,59276.02
41.0,11,RJ,pleno,3803.04,70261.42
26.0,7,SP,pleno,3109.98,46202.18
58.0,5,SP,pleno,4671.47,60877.79
59.0,17,SP,senior,2497.33,69150.5
51.0,9,SP,pleno,2919.75,59138.13
30.0,14,RJ,pleno,2975.65,67215.81
55.0,12,SP,junior,2918.06,57127.28
56.0,6,RJ,junior,2144.63,61708.28
43.0,17,BH,pleno,1733.08,64407.85
45.0,19,BH,pleno,3333.76,54279.98
38.0,19,SP,junior,2493.22,79906.76
31.0,16,BH,senior,4526.25,65775.8
51.0,12,BH,senior,2941.97,250000.0
44.0,12,BH,senior,2798.81,70710.24
53.0,6,SP,senior,3875.47,63272.89
38.0,4,SP,senior,3321.75,73857.89
38.0,6,BH,senior,2859.59,61879.15
35.0,11,RJ,senior,2487.41,52702.25
30.0,1,BH,senior,5926.16,60148.19
23.0,15,SP,junior,3289.43,49938.33
46.0,11,SP,senior,3867.54,38982.96
30.0,19,SP,senior,2181.64,51474.58
43.0,18,BH,senior,2537.61,60728.82
25.0,17,RJ,pleno,4689.88,70619.25
47.0,19,SP,junior,4117.54,51444.81
50.0,14,SP,junior,3366.1,70101.62
55.0,18,BH,junior,2694.74,47893.17
44.0,19,RJ,senior,2812.77,50804.78
58.0,15,BH,senior,2459.11,74491.57
32.0,15,SP,pleno,2074.52,60476.21
27.0,4,RJ,junior,3739.08,58263.78
39.0,7,RJ,senior,3431.06,62352.8
42.0,13,SP,junior,3588.86,47935.97
57.0,3,RJ,pleno,2730.48,56691.52
59.0,16,RJ,pleno,3204.51,60026.61
55.0,9,BH,pleno,2654.36,72313.81
38.0,8,SP,junior,2418.15,43295.83
58.0,13,SP,senior,4333.65,77629.9
46.0,17,SP,senior,3097.21,58753.52
59.0,17,SP,pleno,3405.96,48894.44
33.0,17,SP,senior,3668.6,47083.65
44.0,1,RJ,pleno,3107.23,62731.49
43.0,8,BH,junior,3192.51,46527.91
42.0,19,SP,pleno,2130.7,54398.76
48.0,6,BH,junior,2283.11,57500.97
52.0,3,BH,pleno,2241.75,71436.76
27.0,5,RJ,senior,3484.37,70184.53
48.0,13,SP,senior,3056.71,53570.08
55.0,15,RJ,pleno,2283.17,57873.17
33.0,14,SP,senior,3464.08,44046.15
28.0,16,RJ,senior,3434.77,39609.04
31.0,18,BH,senior,2444.03,47709.48
38.0,11,SP,junior,2977.74,71230.97
47.0,3,BH,senior,3437.71,67800.81
42.0,10,BH,junior,2313.32,63834.36
49.0,10,RJ,pleno,3452.98,45423.76
23.0,16,SP,senior,3240.82,52883.4
22.0,12,BH,senior,2200.64,51421.79
57.0,2,RJ,senior,3175.84,58340.02
47.0,9,SP,pleno,3292.52,57709.46
50.0,3,SP,junior,2499.2,49980.43
42.0,15,BH,junior,2562.17,63492.17
32.0,3,SP,senior,2193.26,62289.46
32.0,19,BH,pleno,2640.8,52711.77
,18,SP,pleno,2990.33,63042.78
56.0,8,RJ,pleno,2564.38,71242.85
55.0,17,BH,pleno,1812.09,74280.61
45.0,8,BH,pleno,2449.13,64906.62
43.0,7,SP,junior,2666.17,64612.68
26.0,7,SP,junior,3653.47,57598.61
54.0,3,BH,junior,3475.81,70297.13
57.0,1,SP,senior,3668.98,49296.49
41.0,4,RJ,pleno,2408.78,69138.5
40.0,5,SP,senior,3113.24,57123.95
56.0,1,RJ,pleno,1061.56,74909.37
38.0,15,RJ,junior,3343.14,65882.06
55.0,5,RJ,senior,3488.72,59321.34
30.0,13,RJ,junior,2718.7,57635.12
47.0,8,RJ,pleno,3236.34,65256.13
23.0,8,SP,pleno,1788.06,64771.24
30.0,5,RJ,pleno,2359.15,56016.57
30.0,9,SP,junior,3612.36,60918.36
38.0,1,RJ,pleno,3409.0,68963.9
22.0,4,BH,junior,2670.52,46366.44
46.0,3,RJ,senior,3649.09,67258.78
46.0,2,BH,pleno,3110.64,65212.15
56.0,8,RJ,pleno,2596.62,71866.47
24.0,9,RJ,pleno,2853.74,52843.46
58.0,2,RJ,senior,2635.67,60057.16
51.0,14,BH,pleno,2052.98,62050.68
59.0,14,BH,junior,4005.35,67387.97
55.0,4,RJ,junior,2545.58,64291.17
33.0,6,SP,pleno,2334.11,47604.45
40.0,11,RJ,pleno,1776.52,62910.44
58.0,3,BH,senior,891.23,80042.29
38.0,8,RJ,senior,3561.2,66117.58
31.0,3,BH,senior,3634.89,76380.47
33.0,14,BH,pleno,3954.43,70430.61
37.0,13,BH,senior,2880.77,73624.02
45.0,13,RJ,senior,2742.41,63099.69
40.0,2,BH,junior,2593.82,65218.45
29.0,13,BH,senior,2666.75,62555.18
52.0,19,RJ,junior,3895.83,60043.41
42.0,6,BH,junior,2978.79,67421.95
38.0,16,RJ,senior,3302.46,54789.98
44.0,2,BH,junior,2646.39,78853.82
58.0,8,SP,pleno,4056.68,50719.87
37.0,17,SP,pleno,1476.21,68113.88
27.0,2,BH,senior,2023.58,73786.71
29.0,10,SP,pleno,3303.77,58233.78
46.0,16,RJ,junior,4400.49,48870.23
39.0,6,SP,pleno,2819.92,71555.3
46.0,2,BH,senior,2326.1,62033.95
33.0,2,BH,senior,3800.53,68133.16
36.0,13,RJ,junior,3258.96,58905.45
47.0,15,BH,senior,4032.17,77319.25
47.0,2,RJ,pleno,1967.72,38829.92
53.0,7,SP,senior,3969.33,63761.78
31.0,3,SP,junior,1761.23,73417.49
37.0,8,RJ,senior,2769.46,61053.39
28.0,14,RJ,pleno,3330.23,63023.59
38.0,7,BH,junior,3148.81,55659.88
44.0,7,SP,pleno,3848.47,60206.89
47.0,1,RJ,junior,1538.67,43281.43
,17,SP,senior,3112.81,52815.69
43.0,9,RJ,junior,3959.71,52132.45
28.0,13,SP,junior,3047.44,66691.24
35.0,19,BH,senior,2086.13,54286.3
36.0,19,SP,pleno,3806.01,54575.24
28.0,17,SP,senior,2481.35,56220.77
30.0,10,SP,junior,2340.54,52513.55
29.0,10,SP,senior,2239.89,62690.22
44.0,4,SP,junior,2841.05,63776.31
50.0,8,BH,senior,3146.45,68250.19
39.0,18,RJ,senior,1984.72,66527.5
52.0,14,SP,pleno,2149.08,65527.58
51.0,18,BH,junior,2444.41,56710.32
56.0,14,SP,pleno,2236.01,56068.96
39.0,15,SP,junior,3029.41,51287.89
38.0,4,RJ,senior,3288.98,51107.56
35.0,13,SP,junior,3179.1,61942.61
52.0,8,BH,pleno,3180.27,52805.84
45.0,18,BH,pleno,4336.79,74683.24
56.0,12,RJ,pleno,3338.95,59624.99
55.0,14,SP,junior,3627.17,75013.9
24.0,2,BH,pleno,2668.31,65717.67
58.0,18,SP,pleno,3755.2,52227.64
47.0,2,SP,pleno,2630.12,59379.54
44.0,11,SP,senior,3329.16,43265.48
36.0,9,RJ,senior,1902.91,61904.25
25.0,12,SP,junior,3132.99,53142.32
50.0,17,BH,junior,2219.7,48865.42
43.0,15,SP,pleno,3748.83,75221.47
46.0,17,BH,senior,3700.7,70305.88
34.0,18,SP,pleno,2626.7,70030.39
39.0,6,BH,pleno,4639.66,67821.11
54.0,17,BH,senior,2771.3,47651.11
37.0,18,SP,senior,1710.38,55995.21
23.0,8,SP,senior,2376.71,56604.96
56.0,9,BH,junior,2164.69,42902.63
55.0,6,RJ,junior,3303.68,54429.99
51.0,5,SP,pleno,2011.71,54539.02
34.0,12,RJ,junior,2568.63,61259.99
34.0,11,SP,senior,3251.64,85323.88
39.0,1,SP,senior,3110.92,59791.04
53.0,11,SP,junior,2989.88,61265.14
53.0,19,SP,pleno,3100.8,57497.9
56.0,9,RJ,pleno,2703.6,67377.13
50.0,2,SP,junior,1717.0,250000.0
50.0,12,BH,pleno,2682.53,78960.37
37.0,4,BH,pleno,3375.0,58758.41
31.0,4,RJ,pleno,2890.45,56048.1
51.0,18,SP,senior,3313.19,69700.37
46.0,15,BH,senior,2530.57,51090.77
41.0,19,RJ,junior,3795.47,67192.51
26.0,13,SP,senior,954.95,74051.7
22.0,19,BH,pleno,3113.15,57586.57
51.0,17,BH,senior,4079.1,80528.42
24.0,6,RJ,junior,4198.16,66442.92
35.0,16,SP,senior,2814.54,66566.94
51.0,12,SP,pleno,1939.04,73658.65
25.0,19,BH,pleno,4093.18,76307.35
39.0,5,BH,junior,2958.51,62618.39
58.0,17,BH,senior,2872.82,67969.05
46.0,1,SP,senior,2285.72,73963.41
22.0,10,RJ,senior,2000.09,48381.89
36.0,15,RJ,pleno,3451.09,42704.98
30.0,11,SP,junior,3535.9,59424.46
36.0,13,RJ,senior,3161.24,42465.09
45.0,5,BH,pleno,2388.76,56860.05
25.0,1,RJ,pleno,2148.0,63143.74
33.0,12,RJ,pleno,1854.2,57243.61
58.0,11,RJ,senior,2551.56,58584.07
58.0,17,BH,senior,2195.32,49983.33
27.0,4,SP,senior,1632.55,67881.44
45.0,15,BH,senior,3521.08,49365.37
32.0,9,SP,senior,1944.75,38970.98
34.0,19,SP,senior,3787.14,57926.61
55.0,19,SP,senior,3315.26,69150.2
46.0,12,RJ,senior,3235.47,60798.31
28.0,5,RJ,senior,4332.25,48352.03
25.0,10,SP,pleno,1971.36,61019.51
29.0,17,SP,senior,3699.02,64383.04
41.0,5,RJ,junior,2761.89,60903.17
50.0,16,BH,pleno,5056.86,57354.16
31.0,7,SP,senior,2695.36,64860.39
55.0,9,BH,junior,2566.15,150000.0
47.0,3,RJ,senior,3340.43,51060.45
24.0,15,SP,junior,2832.87,46947.92
27.0,16,BH,junior,2393.23,73483.86
26.0,18,BH,junior,2223.78,67120.32
26.0,14,BH,junior,4166.56,61851.25
44.0,3,RJ,pleno,2069.23,45493.78
30.0,12,RJ,pleno,3178.47,67441.48
56.0,9,BH,junior,3844.95,73865.4
41.0,7,BH,senior,3883.6,65714.95
56.0,9,RJ,junior,2518.68,59648.23
39.0,13,BH,pleno,2835.05,66317.18
38.0,18,BH,senior,2679.85,62729.16
45.0,5,RJ,pleno,1771.98,69260.76
24.0,13,BH,pleno,3430.01,69036.86
53.0,4,BH,senior,3030.8,57789.34
56.0,2,BH,junior,4152.47,53393.59
59.0,16,RJ,junior,2341.44,56001.77
34.0,9,BH,junior,3870.96,65358.5
46.0,9,RJ,junior,3927.39,56605.6
30.0,6,RJ,senior,3037.66,52494.7
25.0,11,SP,senior,1263.31,59990.47
35.0,1,SP,senior,2589.95,71074.57
58.0,4,BH,pleno,4428.7,61351.08
55.0,13,RJ,senior,3237.64,57237.82
32.0,13,SP,junior,3554.72,63204.32
24.0,13,BH,pleno,2928.67,60840.39
49.0,2,SP,junior,2821.25,40663.63
50.0,9,SP,junior,1506.12,66967.59
30.0,8,RJ,senior,3635.79,64074.58
24.0,7,RJ,senior,3863.74,60161.72
46.0,4,SP,junior,2239.31,70623.57
55.0,18,SP,junior,2856.92,72129.99
33.0,3,RJ,pleno,2749.01,67987.69
30.0,6,BH,senior,3336.12,51496.99
36.0,12,RJ,pleno,2564.51,51842.89
46.0,12,SP,pleno,3745.07,71173.36
